# Blender 5.2.1 LTS
# www.blender.org
mtllib payphone.mtl
o BTN.*.001
v 3.180642 4.191299 1.343270
v 3.074376 4.107678 1.342966
v 3.062341 4.168007 1.400677
v 3.073787 4.110632 1.360803
v 3.072079 4.119196 1.376882
v 3.068175 4.109513 1.342966
v 3.067329 4.112981 1.361379
v 3.063899 4.122747 1.376010
v 3.061408 4.117067 1.342966
v 3.061034 4.120176 1.360725
v 3.056729 4.166887 1.397851
v 3.054439 4.153426 1.388976
v 3.066061 4.149361 1.397851
v 3.060366 4.147711 1.394505
v 3.065503 4.131225 1.387841
v 3.048793 4.145916 1.342966
v 3.054758 4.130572 1.354930
v 3.044529 4.165023 1.357099
v 3.049966 4.145524 1.361276
v 3.050884 4.151847 1.377386
v 3.057874 4.133296 1.377625
v 2.993948 4.510827 1.400677
v 2.975792 4.507205 1.342966
v 2.990229 4.529473 1.397851
v 2.983292 4.544623 1.388976
v 2.988337 4.509707 1.397851
v 2.984348 4.528925 1.394505
v 2.983278 4.508698 1.389659
v 2.979811 4.527309 1.386730
v 2.976556 4.541176 1.377787
v 2.976891 4.567082 1.342966
v 2.973540 4.557509 1.342966
v 2.982379 4.569680 1.357099
v 2.977407 4.563548 1.361276
v 2.974809 4.552579 1.365804
v 2.984211 4.559638 1.376882
v 2.979234 4.555461 1.376130
v 2.976681 4.507382 1.360803
v 2.976978 4.520446 1.376014
v 2.972961 4.526028 1.342966
v 2.973915 4.526732 1.361379
v 2.972652 4.543991 1.355731
v 3.044184 4.164384 1.015023
v 3.068175 4.109513 1.015023
v 3.061408 4.117067 1.015023
v 3.074240 4.109220 1.000891
v 3.067296 4.112975 0.996714
v 3.060688 4.122106 0.992185
v 3.072079 4.119196 0.981108
v 3.065881 4.121143 0.981860
v 3.045073 4.164562 0.997186
v 3.050360 4.152612 0.981976
v 3.048793 4.145916 1.015023
v 3.049944 4.145632 0.996610
v 3.055401 4.129210 1.002259
v 3.066061 4.149361 0.960139
v 3.065469 4.132709 0.969014
v 3.057785 4.167667 0.958756
v 3.060420 4.147609 0.963485
v 3.051670 4.165878 0.968331
v 3.055611 4.147361 0.971259
v 3.057925 4.133306 0.980203
v 2.981913 4.571155 1.015023
v 2.993948 4.510827 0.957313
v 2.982502 4.568201 0.997186
v 2.984211 4.559638 0.981108
v 2.976891 4.567082 1.015023
v 2.977440 4.563554 0.996610
v 2.978020 4.553220 0.981980
v 2.973540 4.557509 1.015023
v 2.974388 4.554495 0.997265
v 2.988337 4.509707 0.960139
v 2.981056 4.521259 0.969014
v 2.990229 4.529473 0.960139
v 2.984337 4.528811 0.963485
v 2.982754 4.546006 0.970149
v 2.972961 4.526028 1.015023
v 2.972581 4.542486 1.003059
v 2.976355 4.506747 1.000891
v 2.973894 4.526840 0.996714
v 2.977168 4.521354 0.980604
v 2.976505 4.541166 0.980365
v 3.182575 4.132335 1.342966
v 3.185925 4.141908 1.342966
v 3.177087 4.129737 1.357099
v 3.182059 4.135870 1.361276
v 3.184657 4.146838 1.365804
v 3.175255 4.139780 1.376882
v 3.180231 4.143956 1.376130
v 3.182785 4.192035 1.360803
v 3.182488 4.178972 1.376014
v 3.186505 4.173389 1.342966
v 3.185469 4.175623 1.359125
v 3.186814 4.155426 1.355731
v 3.169237 4.169944 1.397851
v 3.176173 4.154794 1.388976
v 3.169854 4.190025 1.399234
v 3.175118 4.170492 1.394505
v 3.176188 4.190719 1.389659
v 3.179655 4.172108 1.386730
v 3.182910 4.158241 1.377787
v 3.085089 4.591739 1.342966
v 3.097125 4.531410 1.400677
v 3.085679 4.588785 1.360803
v 3.087387 4.580221 1.376882
v 3.091290 4.589904 1.342966
v 3.092137 4.586436 1.361379
v 3.095567 4.576670 1.376010
v 3.098058 4.582350 1.342966
v 3.098432 4.579241 1.360725
v 3.102736 4.532530 1.397851
v 3.105027 4.545991 1.388976
v 3.093405 4.550056 1.397851
v 3.099099 4.551706 1.394505
v 3.093963 4.568192 1.387841
v 3.110673 4.553501 1.342966
v 3.104708 4.568845 1.354930
v 3.114393 4.534855 1.360803
v 3.110587 4.551140 1.358695
v 3.108581 4.547570 1.377386
v 3.101591 4.566121 1.377625
v 3.177553 4.128262 1.015023
v 3.165517 4.188591 0.957313
v 3.176964 4.131216 0.997186
v 3.175255 4.139780 0.981108
v 3.182575 4.132335 1.015023
v 3.182026 4.135863 0.996610
v 3.181446 4.146197 0.981980
v 3.185925 4.141908 1.015023
v 3.185078 4.144923 0.997265
v 3.171129 4.189710 0.960139
v 3.178410 4.178158 0.969014
v 3.169237 4.169944 0.960139
v 3.175129 4.170606 0.963485
v 3.176711 4.153411 0.970149
v 3.186505 4.173389 1.015023
v 3.186885 4.156931 1.003059
v 3.182785 4.192035 0.997186
v 3.185532 4.175136 0.998947
v 3.180207 4.191521 0.981108
v 3.182990 4.172773 0.981860
v 3.182961 4.158251 0.980365
v 3.094301 4.545618 0.958742
v 3.091290 4.589904 1.015023
v 3.098058 4.582350 1.015023
v 3.085225 4.590198 1.000891
v 3.092170 4.586442 0.996714
v 3.098778 4.577311 0.992185
v 3.087387 4.580221 0.981108
v 3.093585 4.578274 0.981860
v 3.114393 4.534855 0.997186
v 3.109105 4.546805 0.981976
v 3.110673 4.553501 1.015023
v 3.110449 4.551673 0.999469
v 3.104065 4.570208 1.002259
v 3.093997 4.566708 0.969014
v 3.102736 4.532530 0.960139
v 3.099045 4.551808 0.963485
v 3.105292 4.546914 0.970149
v 3.101540 4.566111 0.980203
v 3.184016 4.183848 1.350247
v 3.112487 4.542389 1.350724
v 3.112127 4.534733 1.343250
v 3.180540 4.191313 1.014750
v 3.183917 4.184346 1.007645
v 3.112388 4.542902 1.007391
v 3.112188 4.534772 1.014719
v 3.068738 4.525747 1.015023
v 3.137130 4.182927 1.015023
v 3.137130 4.182927 1.342966
v 3.068738 4.525747 1.342966
v 3.180717 4.191266 0.738423
v 3.074376 4.107678 0.738119
v 3.062341 4.168007 0.795829
v 3.073787 4.110632 0.755956
v 3.068172 4.119159 0.771167
v 3.068175 4.109513 0.738119
v 3.067329 4.112981 0.756532
v 3.061408 4.117067 0.738119
v 3.061034 4.120176 0.755878
v 3.058698 4.129431 0.769233
v 3.056729 4.166887 0.793004
v 3.051670 4.165878 0.784812
v 3.066061 4.149361 0.793004
v 3.060366 4.147711 0.789658
v 3.056708 4.142058 0.780044
v 3.069414 4.132553 0.784812
v 3.063670 4.132224 0.781883
v 3.048793 4.145916 0.738119
v 3.054758 4.130572 0.750083
v 3.044529 4.165023 0.752252
v 3.049966 4.145524 0.756429
v 3.050884 4.151847 0.772538
v 2.981913 4.571155 0.738119
v 2.975792 4.507205 0.738119
v 2.990229 4.529473 0.793004
v 2.986875 4.546281 0.784812
v 2.989611 4.509392 0.794387
v 2.984348 4.528925 0.789658
v 2.979872 4.543936 0.780044
v 2.983278 4.508698 0.784812
v 2.979811 4.527309 0.781883
v 2.976891 4.567082 0.738119
v 2.973956 4.556849 0.750083
v 2.982502 4.568201 0.755956
v 2.977407 4.563548 0.756429
v 2.980574 4.556936 0.772538
v 2.976681 4.507382 0.755956
v 2.976978 4.520445 0.771167
v 2.972961 4.526028 0.738119
v 2.973915 4.526732 0.756532
v 2.972185 4.543350 0.738119
v 2.973263 4.542748 0.755878
v 2.975765 4.544872 0.769233
v 3.044184 4.164384 0.410176
v 3.068175 4.109513 0.410176
v 3.061539 4.117836 0.398212
v 3.074240 4.109220 0.396044
v 3.067296 4.112975 0.391867
v 3.067683 4.120296 0.375757
v 3.045073 4.164562 0.392339
v 3.050360 4.152612 0.377128
v 3.048793 4.145916 0.410176
v 3.049944 4.145632 0.391763
v 3.055401 4.129210 0.397412
v 3.058614 4.129591 0.379063
v 3.066061 4.149361 0.355291
v 3.065288 4.132154 0.364847
v 3.057785 4.167667 0.353909
v 3.060420 4.147609 0.358638
v 3.051670 4.165878 0.363483
v 3.055611 4.147361 0.366412
v 3.059102 4.134169 0.371892
v 2.981913 4.571155 0.410176
v 2.993948 4.510827 0.352466
v 2.975792 4.507205 0.410176
v 2.982502 4.568201 0.392339
v 2.980589 4.558173 0.377128
v 2.976891 4.567082 0.410176
v 2.977440 4.563554 0.391763
v 2.973540 4.557509 0.410176
v 2.974388 4.554495 0.392417
v 2.975782 4.545052 0.379063
v 2.988337 4.509707 0.355291
v 2.983278 4.508698 0.363483
v 2.990229 4.529473 0.355291
v 2.984337 4.528811 0.358638
v 2.978790 4.532627 0.368252
v 2.986875 4.546281 0.363483
v 2.981445 4.544380 0.366412
v 2.972961 4.526028 0.410176
v 2.972581 4.542486 0.398212
v 2.976681 4.507382 0.392339
v 2.973894 4.526840 0.391867
v 2.979258 4.507896 0.376261
v 2.976476 4.526644 0.377013
v 3.181530 4.130609 0.738150
v 3.185510 4.142568 0.750083
v 3.176964 4.131216 0.755956
v 3.182059 4.135870 0.756429
v 3.178892 4.142481 0.772538
v 3.182785 4.192035 0.755956
v 3.182488 4.178972 0.771167
v 3.186505 4.173389 0.738119
v 3.185597 4.174991 0.753673
v 3.187281 4.156067 0.738119
v 3.186203 4.156669 0.755878
v 3.183700 4.154545 0.769233
v 3.169237 4.169944 0.793004
v 3.172590 4.153136 0.784812
v 3.169854 4.190025 0.794387
v 3.175118 4.170492 0.789658
v 3.179594 4.155481 0.780044
v 3.176188 4.190719 0.784812
v 3.179655 4.172108 0.781883
v 3.085089 4.591739 0.738119
v 3.097125 4.531410 0.795829
v 3.085679 4.588785 0.755956
v 3.091294 4.580258 0.771167
v 3.091290 4.589904 0.738119
v 3.092137 4.586436 0.756532
v 3.098058 4.582350 0.738119
v 3.098432 4.579241 0.755878
v 3.100767 4.569986 0.769233
v 3.102736 4.532530 0.793004
v 3.107795 4.533539 0.784812
v 3.093405 4.550056 0.793004
v 3.099099 4.551706 0.789658
v 3.102758 4.557359 0.780044
v 3.090052 4.566864 0.784812
v 3.095796 4.567193 0.781883
v 3.110673 4.553501 0.738119
v 3.104708 4.568845 0.750083
v 3.114393 4.534855 0.755956
v 3.110583 4.551002 0.754315
v 3.108581 4.547570 0.772538
v 3.177553 4.128262 0.410176
v 3.165517 4.188591 0.352466
v 3.176964 4.131216 0.392339
v 3.178877 4.141244 0.377128
v 3.182575 4.132335 0.410176
v 3.182026 4.135863 0.391763
v 3.185925 4.141908 0.410176
v 3.185078 4.144923 0.392417
v 3.183683 4.154366 0.379063
v 3.171129 4.189710 0.355291
v 3.176188 4.190719 0.363483
v 3.169237 4.169944 0.355291
v 3.175129 4.170606 0.358638
v 3.180676 4.166790 0.368252
v 3.172590 4.153136 0.363483
v 3.178021 4.155037 0.366412
v 3.186505 4.173389 0.410176
v 3.186885 4.156931 0.398212
v 3.182785 4.192035 0.392339
v 3.185519 4.175537 0.394448
v 3.182297 4.178063 0.375757
v 3.097125 4.531410 0.352466
v 3.091290 4.589904 0.410176
v 3.097927 4.581582 0.398212
v 3.085225 4.590198 0.396044
v 3.092170 4.586442 0.391867
v 3.091782 4.579122 0.375757
v 3.114393 4.534855 0.392339
v 3.109105 4.546805 0.377128
v 3.110673 4.553501 0.410176
v 3.110440 4.551540 0.394125
v 3.104065 4.570208 0.397412
v 3.100852 4.569827 0.379063
v 3.093405 4.550056 0.355291
v 3.094178 4.567263 0.364847
v 3.102736 4.532530 0.355291
v 3.099045 4.551808 0.358638
v 3.105292 4.546914 0.365302
v 3.100364 4.565248 0.371892
v 3.184021 4.183836 0.745752
v 3.112487 4.542390 0.745497
v 3.112042 4.534661 0.738392
v 3.180646 4.191279 0.409892
v 3.183917 4.184347 0.402419
v 3.112388 4.542888 0.402895
v 3.112131 4.534713 0.409873
v 3.068738 4.525747 0.410176
v 3.137130 4.182927 0.410176
v 3.137130 4.182927 0.738119
v 3.068738 4.525747 0.738119
v 3.180642 4.191299 0.132063
v 3.074376 4.107678 0.131760
v 3.062341 4.168007 0.189470
v 3.073787 4.110632 0.149597
v 3.068172 4.119159 0.164808
v 3.068175 4.109513 0.131760
v 3.067329 4.112981 0.150173
v 3.061408 4.117067 0.131760
v 3.061034 4.120176 0.149519
v 3.058698 4.129431 0.162874
v 3.056729 4.166887 0.186645
v 3.051670 4.165878 0.178453
v 3.066061 4.149361 0.186645
v 3.060366 4.147711 0.183298
v 3.056708 4.142058 0.173684
v 3.069414 4.132553 0.178453
v 3.063670 4.132224 0.175524
v 3.048793 4.145916 0.131760
v 3.054758 4.130572 0.143724
v 3.044529 4.165023 0.145893
v 3.049966 4.145524 0.150070
v 3.050884 4.151847 0.166179
v 2.975792 4.507205 0.131760
v 2.990229 4.529473 0.186645
v 2.986875 4.546281 0.178453
v 2.989611 4.509392 0.188027
v 2.984348 4.528925 0.183298
v 2.979872 4.543936 0.173684
v 2.983278 4.508698 0.178453
v 2.979811 4.527309 0.175524
v 2.976891 4.567082 0.131760
v 2.973956 4.556849 0.143724
v 2.982379 4.569680 0.145893
v 2.977407 4.563548 0.150070
v 2.980574 4.556936 0.166179
v 2.976681 4.507382 0.149597
v 2.976978 4.520446 0.164808
v 2.972961 4.526028 0.131760
v 2.973915 4.526732 0.150173
v 2.972185 4.543350 0.131760
v 2.973263 4.542748 0.149519
v 2.975765 4.544872 0.162874
v 3.044184 4.164384 -0.196183
v 3.068175 4.109513 -0.196183
v 3.061539 4.117836 -0.208147
v 3.074240 4.109220 -0.210316
v 3.067296 4.112975 -0.214493
v 3.067683 4.120296 -0.230602
v 3.059814 4.129654 -0.230842
v 3.045073 4.164562 -0.214020
v 3.047651 4.165076 -0.230099
v 3.048793 4.145916 -0.196183
v 3.049944 4.145632 -0.214596
v 3.053914 4.141501 -0.229226
v 3.054724 4.129622 -0.196183
v 3.055488 4.130592 -0.213942
v 3.066061 4.149361 -0.251068
v 3.065469 4.132709 -0.242193
v 3.057785 4.167667 -0.252451
v 3.060420 4.147609 -0.247721
v 3.051670 4.165878 -0.242876
v 3.055611 4.147361 -0.239947
v 2.981913 4.571155 -0.196183
v 2.993948 4.510827 -0.253893
v 2.982502 4.568201 -0.214020
v 2.984211 4.559638 -0.230099
v 2.976891 4.567082 -0.196183
v 2.977440 4.563554 -0.214596
v 2.978020 4.553220 -0.229226
v 2.973540 4.557509 -0.196183
v 2.974388 4.554495 -0.213942
v 2.988337 4.509707 -0.251068
v 2.981056 4.521259 -0.242193
v 2.990229 4.529473 -0.251068
v 2.984337 4.528811 -0.247721
v 2.986875 4.546281 -0.242876
v 2.981445 4.544380 -0.239947
v 2.972961 4.526028 -0.196183
v 2.972581 4.542486 -0.208147
v 2.976355 4.506747 -0.210316
v 2.973894 4.526840 -0.214493
v 2.977168 4.521354 -0.230603
v 2.976505 4.541166 -0.230842
v 3.182575 4.132335 0.131760
v 3.185510 4.142568 0.143724
v 3.177087 4.129737 0.145893
v 3.182059 4.135870 0.150070
v 3.178892 4.142481 0.166179
v 3.182785 4.192035 0.149597
v 3.182488 4.178972 0.164808
v 3.186505 4.173389 0.131760
v 3.185537 4.175110 0.147811
v 3.187281 4.156067 0.131760
v 3.186203 4.156669 0.149519
v 3.183700 4.154545 0.162874
v 3.169237 4.169944 0.186645
v 3.172590 4.153136 0.178453
v 3.169854 4.190025 0.188027
v 3.175118 4.170492 0.183298
v 3.179594 4.155481 0.173684
v 3.176188 4.190719 0.178453
v 3.179655 4.172108 0.175524
v 3.085089 4.591739 0.131760
v 3.097125 4.531410 0.189470
v 3.085679 4.588785 0.149597
v 3.091294 4.580258 0.164808
v 3.091290 4.589904 0.131760
v 3.092137 4.586436 0.150173
v 3.098058 4.582350 0.131760
v 3.098432 4.579241 0.149519
v 3.100767 4.569986 0.162874
v 3.102736 4.532530 0.186645
v 3.107795 4.533539 0.178453
v 3.093405 4.550056 0.186645
v 3.099099 4.551706 0.183298
v 3.102758 4.557359 0.173684
v 3.090052 4.566864 0.178453
v 3.095796 4.567193 0.175524
v 3.110673 4.553501 0.131760
v 3.104708 4.568845 0.143724
v 3.114393 4.534855 0.149597
v 3.110459 4.551678 0.147279
v 3.108581 4.547570 0.166179
v 3.177553 4.128262 -0.196183
v 3.165517 4.188591 -0.253893
v 3.176964 4.131216 -0.214020
v 3.175255 4.139780 -0.230099
v 3.182575 4.132335 -0.196183
v 3.182026 4.135863 -0.214596
v 3.181446 4.146197 -0.229226
v 3.185925 4.141908 -0.196183
v 3.185078 4.144923 -0.213942
v 3.171129 4.189710 -0.251068
v 3.178410 4.178158 -0.242193
v 3.169237 4.169944 -0.251068
v 3.175129 4.170606 -0.247721
v 3.172590 4.153136 -0.242876
v 3.178021 4.155037 -0.239947
v 3.186505 4.173389 -0.196183
v 3.186885 4.156931 -0.208147
v 3.182785 4.192035 -0.214020
v 3.185519 4.175537 -0.211911
v 3.182297 4.178063 -0.230602
v 3.182961 4.158251 -0.230842
v 3.097125 4.531410 -0.253893
v 3.091290 4.589904 -0.196183
v 3.097927 4.581582 -0.208147
v 3.085225 4.590198 -0.210316
v 3.092170 4.586442 -0.214493
v 3.091782 4.579122 -0.230602
v 3.099652 4.569763 -0.230842
v 3.114393 4.534855 -0.214020
v 3.111815 4.534341 -0.230099
v 3.110673 4.553501 -0.196183
v 3.110573 4.550988 -0.212436
v 3.105552 4.557916 -0.229226
v 3.104742 4.569795 -0.196183
v 3.103977 4.568825 -0.213942
v 3.093405 4.550056 -0.251068
v 3.093997 4.566708 -0.242193
v 3.102736 4.532530 -0.251068
v 3.099045 4.551808 -0.247721
v 3.107795 4.533539 -0.242876
v 3.103855 4.552056 -0.239947
v 3.184016 4.183848 0.139041
v 3.112468 4.542590 0.139608
v 3.112127 4.534733 0.132044
v 3.180646 4.191279 -0.196467
v 3.183917 4.184347 -0.203941
v 3.112423 4.542566 -0.203319
v 3.112131 4.534713 -0.196486
v 3.068738 4.525747 -0.196183
v 3.137130 4.182927 -0.196183
v 3.137130 4.182927 0.131760
v 3.068738 4.525747 0.131760
v 3.295270 3.616721 0.132063
v 3.189004 3.533100 0.131760
v 3.176969 3.593428 0.189470
v 3.188415 3.536054 0.149597
v 3.182800 3.544580 0.164808
v 3.182803 3.534934 0.131760
v 3.181957 3.538403 0.150173
v 3.176036 3.542489 0.131760
v 3.175662 3.545597 0.149519
v 3.173327 3.554853 0.162874
v 3.171357 3.592309 0.186645
v 3.166299 3.591300 0.178453
v 3.180689 3.574782 0.186645
v 3.174994 3.573133 0.183298
v 3.171336 3.567480 0.173685
v 3.184042 3.557974 0.178453
v 3.178298 3.557646 0.175524
v 3.163421 3.571337 0.131760
v 3.169386 3.555994 0.143724
v 3.159157 3.590444 0.145893
v 3.164594 3.570946 0.150070
v 3.165513 3.577269 0.166179
v 3.105733 3.950452 0.188041
v 3.090420 3.932626 0.131760
v 3.101503 3.971703 0.178453
v 3.102965 3.935129 0.186645
v 3.098976 3.954347 0.183298
v 3.094500 3.969357 0.173684
v 3.097906 3.934120 0.178453
v 3.094439 3.952731 0.175524
v 3.091519 3.992503 0.131760
v 3.088584 3.982271 0.143724
v 3.097007 3.995101 0.145893
v 3.092035 3.988969 0.150070
v 3.095202 3.982358 0.166179
v 3.091309 3.932804 0.149597
v 3.091606 3.945867 0.164808
v 3.087589 3.951449 0.131760
v 3.088543 3.952154 0.150173
v 3.086813 3.968772 0.131760
v 3.087891 3.968169 0.149519
v 3.090394 3.970294 0.162874
v 3.158812 3.589806 -0.196183
v 3.182803 3.534934 -0.196183
v 3.176167 3.543257 -0.208147
v 3.188868 3.534641 -0.210315
v 3.181924 3.538396 -0.214493
v 3.182312 3.545717 -0.230603
v 3.174442 3.555075 -0.230842
v 3.159701 3.589983 -0.214020
v 3.162279 3.590497 -0.230099
v 3.163421 3.571337 -0.196183
v 3.164572 3.571053 -0.214596
v 3.168542 3.566923 -0.229226
v 3.169352 3.555043 -0.196183
v 3.170116 3.556014 -0.213942
v 3.180689 3.574782 -0.251068
v 3.180097 3.558131 -0.242193
v 3.172413 3.593089 -0.252451
v 3.175048 3.573031 -0.247721
v 3.166299 3.591300 -0.242876
v 3.170239 3.572783 -0.239947
v 3.096541 3.996577 -0.196183
v 3.108577 3.936248 -0.253893
v 3.097130 3.993623 -0.214020
v 3.098839 3.985059 -0.230099
v 3.091519 3.992503 -0.196183
v 3.092068 3.988976 -0.214596
v 3.092648 3.978642 -0.229226
v 3.088168 3.982931 -0.196183
v 3.089016 3.979916 -0.213942
v 3.102965 3.935129 -0.251068
v 3.095684 3.946681 -0.242193
v 3.104857 3.954894 -0.251068
v 3.098965 3.954233 -0.247721
v 3.101503 3.971703 -0.242876
v 3.096073 3.969802 -0.239947
v 3.087589 3.951449 -0.196183
v 3.087209 3.967907 -0.208147
v 3.090983 3.932169 -0.210316
v 3.088522 3.952262 -0.214493
v 3.091796 3.946775 -0.230603
v 3.091133 3.966588 -0.230842
v 3.297203 3.557757 0.131760
v 3.300554 3.567330 0.131760
v 3.291715 3.555159 0.145893
v 3.296687 3.561291 0.150070
v 3.299706 3.570300 0.149473
v 3.293520 3.567903 0.166179
v 3.297413 3.617457 0.149597
v 3.297116 3.604393 0.164808
v 3.301133 3.598811 0.131760
v 3.300157 3.600908 0.147440
v 3.301364 3.581550 0.145304
v 3.298328 3.579967 0.162874
v 3.283865 3.595366 0.186645
v 3.287219 3.578558 0.178453
v 3.284482 3.615447 0.188027
v 3.289746 3.595913 0.183298
v 3.294222 3.580903 0.173684
v 3.290816 3.616141 0.178453
v 3.294283 3.597529 0.175524
v 3.199718 4.017160 0.131760
v 3.211753 3.956832 0.189470
v 3.200307 4.014206 0.149597
v 3.205922 4.005680 0.164808
v 3.205919 4.015326 0.131760
v 3.206765 4.011858 0.150173
v 3.212686 4.007771 0.131760
v 3.213060 4.004663 0.149519
v 3.215395 3.995407 0.162874
v 3.217365 3.957952 0.186645
v 3.222423 3.958961 0.178453
v 3.208033 3.975478 0.186645
v 3.213727 3.977128 0.183298
v 3.217386 3.982780 0.173684
v 3.204680 3.992286 0.178453
v 3.210424 3.992615 0.175524
v 3.225301 3.978923 0.131760
v 3.219336 3.994267 0.143724
v 3.229021 3.960277 0.149597
v 3.225073 3.976936 0.147836
v 3.223209 3.972992 0.166179
v 3.292181 3.553684 -0.196183
v 3.280145 3.614012 -0.253893
v 3.291592 3.556638 -0.214020
v 3.289883 3.565201 -0.230099
v 3.297203 3.557757 -0.196183
v 3.296654 3.561285 -0.214596
v 3.296074 3.571619 -0.229227
v 3.300165 3.569022 -0.209727
v 3.285757 3.615131 -0.251068
v 3.293038 3.603580 -0.242193
v 3.283865 3.595366 -0.251068
v 3.289757 3.596027 -0.247721
v 3.287219 3.578558 -0.242876
v 3.292649 3.580459 -0.239947
v 3.301133 3.598811 -0.196183
v 3.301909 3.581489 -0.196183
v 3.297413 3.617457 -0.214020
v 3.300160 3.600558 -0.212259
v 3.300837 3.582124 -0.213896
v 3.296926 3.603485 -0.230602
v 3.297589 3.583673 -0.230842
v 3.208929 3.971040 -0.252464
v 3.205919 4.015326 -0.196183
v 3.212555 4.007003 -0.208147
v 3.199853 4.015619 -0.210316
v 3.206798 4.011864 -0.214493
v 3.206410 4.004543 -0.230603
v 3.214280 3.995185 -0.230842
v 3.229021 3.960277 -0.214020
v 3.226443 3.959763 -0.230099
v 3.225301 3.978923 -0.196183
v 3.225205 3.976612 -0.211863
v 3.220180 3.983337 -0.229226
v 3.219370 3.995217 -0.196183
v 3.218606 3.994247 -0.213942
v 3.208625 3.992130 -0.242193
v 3.217365 3.957952 -0.251068
v 3.213674 3.977229 -0.247721
v 3.222423 3.958961 -0.242876
v 3.218483 3.977478 -0.239947
v 3.298644 3.609270 0.139041
v 3.227115 3.967811 0.139518
v 3.226755 3.960155 0.132044
v 3.295274 3.616700 -0.196467
v 3.298545 3.609768 -0.203941
v 3.227016 3.968309 -0.203464
v 3.226759 3.960134 -0.196486
v 3.183366 3.951169 -0.196183
v 3.251758 3.608349 -0.196183
v 3.251758 3.608349 0.131760
v 3.183366 3.951169 0.131760
v 3.295270 3.616721 0.738423
v 3.189004 3.533100 0.738119
v 3.176969 3.593428 0.795829
v 3.188415 3.536054 0.755956
v 3.186707 3.544617 0.772035
v 3.182803 3.534934 0.738119
v 3.181957 3.538403 0.756532
v 3.180532 3.546525 0.771253
v 3.175746 3.544201 0.751663
v 3.173327 3.554853 0.769233
v 3.171357 3.592309 0.793004
v 3.166299 3.591300 0.784812
v 3.180689 3.574782 0.793004
v 3.174994 3.573133 0.789658
v 3.171336 3.567480 0.780044
v 3.179748 3.557287 0.783184
v 3.163421 3.571337 0.738119
v 3.169352 3.555043 0.738119
v 3.159157 3.590444 0.752252
v 3.164594 3.570946 0.756429
v 3.170097 3.556042 0.755832
v 3.165513 3.577268 0.772538
v 3.090420 3.932626 0.738119
v 3.104857 3.954894 0.793004
v 3.101503 3.971703 0.784812
v 3.104239 3.934814 0.794387
v 3.098976 3.954347 0.789658
v 3.094500 3.969357 0.780044
v 3.097906 3.934120 0.784812
v 3.094439 3.952731 0.781883
v 3.091519 3.992503 0.738119
v 3.088584 3.982271 0.750083
v 3.097007 3.995101 0.752252
v 3.092035 3.988969 0.756429
v 3.095202 3.982358 0.772538
v 3.091309 3.932804 0.755956
v 3.091606 3.945867 0.771167
v 3.087589 3.951449 0.738119
v 3.088543 3.952154 0.756532
v 3.086813 3.968772 0.738119
v 3.087891 3.968169 0.755878
v 3.090394 3.970294 0.769233
v 3.158812 3.589806 0.410176
v 3.182803 3.534934 0.410176
v 3.176036 3.542489 0.410176
v 3.188868 3.534641 0.396044
v 3.181924 3.538396 0.391867
v 3.175680 3.545557 0.392463
v 3.186707 3.544617 0.376261
v 3.180509 3.546564 0.377013
v 3.159701 3.589983 0.392339
v 3.164989 3.578034 0.377128
v 3.163421 3.571337 0.410176
v 3.164572 3.571053 0.391763
v 3.169832 3.555309 0.396632
v 3.173242 3.555012 0.379063
v 3.180689 3.574782 0.355291
v 3.184042 3.557974 0.363483
v 3.172413 3.593089 0.353909
v 3.175048 3.573031 0.358638
v 3.176675 3.557452 0.368252
v 3.166299 3.591300 0.363483
v 3.170239 3.572783 0.366412
v 3.096541 3.996577 0.410176
v 3.108577 3.936248 0.352466
v 3.097130 3.993623 0.392339
v 3.095217 3.983594 0.377128
v 3.091519 3.992503 0.410176
v 3.092068 3.988976 0.391763
v 3.088168 3.982931 0.410176
v 3.089016 3.979916 0.392417
v 3.090411 3.970473 0.379063
v 3.102965 3.935129 0.355291
v 3.097906 3.934120 0.363483
v 3.104857 3.954894 0.355291
v 3.098965 3.954233 0.358638
v 3.093418 3.958049 0.368252
v 3.097383 3.971428 0.365302
v 3.087589 3.951449 0.410176
v 3.087324 3.968449 0.397321
v 3.090983 3.932169 0.396044
v 3.088522 3.952262 0.391867
v 3.093886 3.933318 0.376261
v 3.091104 3.952066 0.377013
v 3.297203 3.557757 0.738119
v 3.300138 3.567990 0.750083
v 3.291715 3.555159 0.752252
v 3.296687 3.561291 0.756429
v 3.293805 3.567753 0.771879
v 3.297413 3.617457 0.755956
v 3.294836 3.616943 0.772035
v 3.301133 3.598811 0.738119
v 3.300157 3.600908 0.753799
v 3.297621 3.598245 0.771253
v 3.301909 3.581489 0.738119
v 3.300831 3.582091 0.755878
v 3.298328 3.579967 0.769233
v 3.283865 3.595366 0.793004
v 3.287219 3.578558 0.784812
v 3.284482 3.615447 0.794387
v 3.289746 3.595913 0.789658
v 3.294222 3.580903 0.780044
v 3.293591 3.601973 0.783184
v 3.199718 4.017160 0.738119
v 3.211753 3.956832 0.795829
v 3.200307 4.014206 0.755956
v 3.202015 4.005643 0.772035
v 3.205919 4.015326 0.738119
v 3.206765 4.011858 0.756532
v 3.210195 4.002092 0.771163
v 3.212686 4.007771 0.738119
v 3.213060 4.004663 0.755878
v 3.217365 3.957952 0.793004
v 3.222423 3.958961 0.784812
v 3.208033 3.975478 0.793004
v 3.213727 3.977128 0.789658
v 3.218483 3.977428 0.781924
v 3.204680 3.992286 0.784812
v 3.210424 3.992615 0.781883
v 3.225301 3.978923 0.738119
v 3.219336 3.994267 0.750083
v 3.229021 3.960277 0.755956
v 3.225211 3.976424 0.754315
v 3.223106 3.973819 0.771878
v 3.216219 3.991543 0.772777
v 3.292181 3.553684 0.410176
v 3.280145 3.614012 0.352466
v 3.291592 3.556638 0.392339
v 3.293505 3.566666 0.377128
v 3.297203 3.557757 0.410176
v 3.296654 3.561285 0.391763
v 3.300554 3.567330 0.410176
v 3.299706 3.570344 0.392417
v 3.298311 3.579787 0.379063
v 3.285757 3.615131 0.355291
v 3.290816 3.616141 0.363483
v 3.283865 3.595366 0.355291
v 3.289757 3.596027 0.358638
v 3.295304 3.592212 0.368252
v 3.291339 3.578832 0.365302
v 3.301133 3.598811 0.410176
v 3.301513 3.582353 0.398212
v 3.297413 3.617457 0.392339
v 3.300215 3.600452 0.394585
v 3.296926 3.603485 0.375757
v 3.205919 4.015326 0.410176
v 3.212555 4.007003 0.398212
v 3.199854 4.015619 0.396044
v 3.206798 4.011864 0.391867
v 3.206410 4.004543 0.375757
v 3.229021 3.960277 0.392339
v 3.223733 3.972226 0.377128
v 3.225301 3.978923 0.410176
v 3.225068 3.976962 0.394125
v 3.218693 3.995629 0.397412
v 3.215480 3.995248 0.379063
v 3.208033 3.975478 0.355291
v 3.204680 3.992286 0.363483
v 3.216309 3.957171 0.353909
v 3.213674 3.977229 0.358638
v 3.212047 3.992808 0.368252
v 3.219920 3.972336 0.365302
v 3.298644 3.609270 0.745400
v 3.227045 3.968179 0.745889
v 3.226821 3.960169 0.738447
v 3.295168 3.616734 0.409903
v 3.298545 3.609768 0.402798
v 3.227095 3.967927 0.402543
v 3.226750 3.960180 0.409913
v 3.183366 3.951169 0.410176
v 3.251758 3.608349 0.410176
v 3.251758 3.608349 0.738119
v 3.183366 3.951169 0.738119
v 3.295270 3.616721 1.343270
v 3.189004 3.533100 1.342966
v 3.176969 3.593428 1.400677
v 3.188415 3.536054 1.360803
v 3.186707 3.544617 1.376882
v 3.182803 3.534934 1.342966
v 3.181957 3.538403 1.361379
v 3.178527 3.548168 1.376010
v 3.175746 3.544201 1.356510
v 3.171357 3.592309 1.397851
v 3.169067 3.578847 1.388976
v 3.180689 3.574782 1.397851
v 3.174994 3.573133 1.394505
v 3.184042 3.557974 1.389659
v 3.178298 3.557646 1.386730
v 3.163421 3.571337 1.342966
v 3.169352 3.555043 1.342966
v 3.159157 3.590444 1.357099
v 3.164594 3.570946 1.361276
v 3.170097 3.556042 1.360679
v 3.165513 3.577268 1.377386
v 3.172503 3.558718 1.377625
v 3.090420 3.932626 1.342966
v 3.104857 3.954894 1.397851
v 3.097920 3.970044 1.388976
v 3.104239 3.934814 1.399234
v 3.098976 3.954347 1.394505
v 3.097906 3.934120 1.389659
v 3.094439 3.952731 1.386730
v 3.091184 3.966598 1.377787
v 3.091519 3.992503 1.342966
v 3.088168 3.982931 1.342966
v 3.097007 3.995101 1.357099
v 3.092035 3.988969 1.361276
v 3.089437 3.978001 1.365804
v 3.098839 3.985059 1.376882
v 3.093862 3.980883 1.376130
v 3.091309 3.932804 1.360803
v 3.091606 3.945867 1.376014
v 3.087589 3.951449 1.342966
v 3.088543 3.952154 1.361379
v 3.087280 3.969413 1.355731
v 3.158812 3.589806 1.015023
v 3.182803 3.534934 1.015023
v 3.176036 3.542489 1.015023
v 3.188868 3.534641 1.000891
v 3.181924 3.538396 0.996714
v 3.175316 3.547528 0.992185
v 3.182106 3.545470 0.981264
v 3.159701 3.589983 0.997186
v 3.164989 3.578034 0.981976
v 3.163421 3.571337 1.015023
v 3.164572 3.571053 0.996610
v 3.169832 3.555309 1.001479
v 3.180689 3.574782 0.960139
v 3.184042 3.557974 0.968331
v 3.172413 3.593089 0.958756
v 3.175048 3.573031 0.963485
v 3.178306 3.557679 0.971218
v 3.166299 3.591300 0.968331
v 3.170239 3.572783 0.971259
v 3.172554 3.558728 0.980203
v 3.096541 3.996577 1.015023
v 3.108577 3.936248 0.957313
v 3.097130 3.993623 0.997186
v 3.098839 3.985059 0.981108
v 3.091519 3.992503 1.015023
v 3.092068 3.988976 0.996610
v 3.092648 3.978642 0.981980
v 3.088168 3.982931 1.015023
v 3.089016 3.979916 0.997265
v 3.102965 3.935129 0.960139
v 3.095684 3.946681 0.969014
v 3.104857 3.954894 0.960139
v 3.098965 3.954233 0.963485
v 3.097383 3.971428 0.970149
v 3.087589 3.951449 1.015023
v 3.087209 3.967907 1.003059
v 3.090983 3.932169 1.000891
v 3.088522 3.952262 0.996714
v 3.093886 3.933318 0.981108
v 3.091104 3.952066 0.981860
v 3.091133 3.966588 0.980365
v 3.297203 3.557757 1.342966
v 3.300554 3.567330 1.342966
v 3.291715 3.555159 1.357099
v 3.296687 3.561291 1.361276
v 3.299285 3.572259 1.365804
v 3.289883 3.565201 1.376882
v 3.294859 3.569377 1.376130
v 3.297413 3.617457 1.360803
v 3.294836 3.616943 1.376882
v 3.301133 3.598811 1.342966
v 3.300157 3.600908 1.358647
v 3.297621 3.598245 1.376100
v 3.301909 3.581489 1.342966
v 3.300831 3.582091 1.360725
v 3.283865 3.595366 1.397851
v 3.290802 3.580216 1.388976
v 3.284482 3.615447 1.399234
v 3.289746 3.595913 1.394505
v 3.293591 3.601973 1.388031
v 3.297538 3.583662 1.377787
v 3.199718 4.017160 1.342966
v 3.211753 3.956832 1.400677
v 3.200307 4.014206 1.360803
v 3.202015 4.005643 1.376882
v 3.205919 4.015326 1.342966
v 3.206765 4.011858 1.361379
v 3.210195 4.002092 1.376010
v 3.212686 4.007771 1.342966
v 3.213060 4.004663 1.360725
v 3.217365 3.957952 1.397851
v 3.222423 3.958961 1.389659
v 3.208033 3.975478 1.397851
v 3.213727 3.977128 1.394505
v 3.218483 3.977428 1.386771
v 3.208591 3.993614 1.387841
v 3.225301 3.978923 1.342966
v 3.219336 3.994267 1.354930
v 3.229021 3.960277 1.360803
v 3.225211 3.976424 1.359163
v 3.223106 3.973819 1.376726
v 3.216219 3.991543 1.377625
v 3.292181 3.553684 1.015023
v 3.280145 3.614012 0.957313
v 3.291592 3.556638 0.997186
v 3.289883 3.565201 0.981108
v 3.297203 3.557757 1.015023
v 3.296654 3.561285 0.996610
v 3.296074 3.571619 0.981980
v 3.300554 3.567330 1.015023
v 3.299706 3.570344 0.997265
v 3.285757 3.615131 0.960139
v 3.290816 3.616141 0.968331
v 3.283865 3.595366 0.960139
v 3.289757 3.596027 0.963485
v 3.294264 3.597575 0.971218
v 3.291447 3.579571 0.969959
v 3.301133 3.598811 1.015023
v 3.301513 3.582353 1.003059
v 3.297413 3.617457 0.997186
v 3.300160 3.600558 0.998947
v 3.297148 3.602682 0.981264
v 3.297589 3.583672 0.980365
v 3.205919 4.015326 1.015023
v 3.212686 4.007771 1.015023
v 3.199854 4.015619 1.000891
v 3.206798 4.011864 0.996714
v 3.213406 4.002732 0.992185
v 3.202015 4.005643 0.981108
v 3.208213 4.003696 0.981860
v 3.229021 3.960277 0.997186
v 3.226443 3.959763 0.981108
v 3.225301 3.978923 1.015023
v 3.225077 3.977095 0.999469
v 3.221841 3.978098 0.981889
v 3.218693 3.995629 1.002259
v 3.208033 3.975478 0.960139
v 3.208625 3.992130 0.969014
v 3.216309 3.957171 0.958756
v 3.213674 3.977229 0.963485
v 3.219550 3.973109 0.969959
v 3.216168 3.991533 0.980203
v 3.298644 3.609270 1.350247
v 3.227115 3.967811 1.350724
v 3.226755 3.960155 1.343250
v 3.295274 3.616700 1.014740
v 3.298545 3.609768 1.007266
v 3.227016 3.968309 1.007742
v 3.226759 3.960134 1.014720
v 3.183366 3.951169 1.015023
v 3.251758 3.608349 1.015023
v 3.251758 3.608349 1.342966
v 3.183366 3.951169 1.342966
v 3.412982 3.023399 0.131865
v 3.307386 2.939709 0.131760
v 3.295350 3.000037 0.189470
v 3.306796 2.942662 0.149597
v 3.305088 2.951226 0.165676
v 3.301185 2.941543 0.131760
v 3.300338 2.945012 0.150173
v 3.296908 2.954777 0.164803
v 3.294418 2.949097 0.131760
v 3.294044 2.952206 0.149519
v 3.289738 2.998918 0.186645
v 3.287448 2.985456 0.177770
v 3.299070 2.981391 0.186645
v 3.293376 2.979741 0.183298
v 3.302423 2.964583 0.178453
v 3.296679 2.964254 0.175524
v 3.281802 2.977946 0.131760
v 3.287767 2.962602 0.143724
v 3.277538 2.997053 0.145893
v 3.282975 2.977554 0.150070
v 3.283894 2.983877 0.166179
v 3.290884 2.965326 0.166418
v 3.208801 3.339235 0.131760
v 3.223238 3.361503 0.186645
v 3.216302 3.376653 0.177770
v 3.222621 3.341423 0.188027
v 3.217357 3.360956 0.183298
v 3.216287 3.340728 0.178453
v 3.212821 3.359340 0.175524
v 3.209565 3.373207 0.166581
v 3.209900 3.399112 0.131760
v 3.206550 3.389539 0.131760
v 3.215388 3.401710 0.145893
v 3.210417 3.395578 0.150070
v 3.207819 3.384609 0.154598
v 3.217220 3.391668 0.165676
v 3.212244 3.387492 0.164924
v 3.209690 3.339412 0.149597
v 3.209987 3.352476 0.164808
v 3.205970 3.358058 0.131760
v 3.206924 3.358763 0.150173
v 3.205194 3.375381 0.131760
v 3.206273 3.374778 0.149519
v 3.277194 2.996415 -0.196183
v 3.301185 2.941543 -0.196183
v 3.294548 2.949866 -0.208147
v 3.307250 2.941250 -0.210316
v 3.300306 2.945005 -0.214493
v 3.300693 2.952326 -0.230602
v 3.292823 2.961684 -0.230842
v 3.278083 2.996592 -0.214020
v 3.280660 2.997106 -0.230099
v 3.281802 2.977946 -0.196183
v 3.282954 2.977662 -0.214596
v 3.286923 2.973532 -0.229226
v 3.287733 2.961652 -0.196183
v 3.288498 2.962622 -0.213942
v 3.299070 2.981391 -0.251068
v 3.298478 2.964739 -0.242193
v 3.290795 2.999697 -0.252451
v 3.293430 2.979640 -0.247721
v 3.284680 2.997908 -0.242876
v 3.288620 2.979391 -0.239947
v 3.214922 3.403185 -0.196183
v 3.226958 3.342857 -0.253893
v 3.215512 3.400232 -0.214020
v 3.217220 3.391668 -0.230099
v 3.209900 3.399112 -0.196183
v 3.210449 3.395584 -0.214596
v 3.211029 3.385250 -0.229226
v 3.206550 3.389539 -0.196183
v 3.207397 3.386525 -0.213942
v 3.221346 3.341738 -0.251068
v 3.214065 3.353289 -0.242193
v 3.223238 3.361503 -0.251068
v 3.217346 3.360842 -0.247721
v 3.219885 3.378311 -0.242876
v 3.214454 3.376410 -0.239947
v 3.205970 3.358058 -0.196183
v 3.205590 3.374516 -0.208147
v 3.209364 3.338778 -0.210316
v 3.206903 3.358871 -0.214493
v 3.210178 3.353384 -0.230603
v 3.209514 3.373197 -0.230842
v 3.415585 2.964366 0.131760
v 3.418935 2.973938 0.131760
v 3.410096 2.961768 0.145893
v 3.415068 2.967900 0.150070
v 3.417666 2.978868 0.154598
v 3.411901 2.974512 0.166179
v 3.415794 3.024065 0.149597
v 3.415497 3.011002 0.164808
v 3.419514 3.005420 0.131760
v 3.418458 3.007702 0.148013
v 3.419823 2.987457 0.144524
v 3.402246 3.001975 0.186645
v 3.409183 2.986825 0.177770
v 3.402864 3.022055 0.188027
v 3.408127 3.002522 0.183298
v 3.409197 3.022749 0.178453
v 3.412664 3.004138 0.175524
v 3.415920 2.990271 0.166581
v 3.318099 3.423769 0.131760
v 3.330134 3.363441 0.189470
v 3.318688 3.420815 0.149597
v 3.324303 3.412288 0.164808
v 3.324300 3.421935 0.131760
v 3.325146 3.418466 0.150173
v 3.331067 3.414381 0.131760
v 3.331441 3.411272 0.149519
v 3.333776 3.402016 0.162874
v 3.335746 3.364560 0.186645
v 3.340805 3.365570 0.178453
v 3.326414 3.382087 0.186645
v 3.332109 3.383737 0.183298
v 3.335767 3.389389 0.173685
v 3.323061 3.398895 0.178453
v 3.328805 3.399223 0.175524
v 3.343682 3.385532 0.131760
v 3.337718 3.400875 0.143724
v 3.347402 3.366886 0.149597
v 3.343596 3.383170 0.147488
v 3.341590 3.379601 0.166179
v 3.410562 2.960292 -0.196183
v 3.398527 3.020621 -0.253893
v 3.409973 2.963246 -0.214020
v 3.408264 2.971810 -0.230099
v 3.415585 2.964366 -0.196183
v 3.415035 2.967894 -0.214596
v 3.414455 2.978228 -0.229226
v 3.418935 2.973938 -0.196183
v 3.418087 2.976953 -0.213942
v 3.404139 3.021740 -0.251068
v 3.411419 3.010189 -0.242193
v 3.402246 3.001975 -0.251068
v 3.408138 3.002636 -0.247721
v 3.405600 2.985167 -0.242876
v 3.411030 2.987067 -0.239947
v 3.419514 3.005420 -0.196183
v 3.419894 2.988962 -0.208147
v 3.415794 3.024065 -0.214020
v 3.418618 3.007021 -0.211702
v 3.415307 3.010094 -0.230602
v 3.415971 2.990281 -0.230842
v 3.324300 3.421935 -0.196183
v 3.330936 3.413612 -0.208147
v 3.318235 3.422228 -0.210315
v 3.325179 3.418473 -0.214493
v 3.324791 3.411152 -0.230602
v 3.332661 3.401794 -0.230842
v 3.347402 3.366886 -0.214020
v 3.344825 3.366372 -0.230099
v 3.343682 3.385532 -0.196183
v 3.343449 3.383571 -0.212234
v 3.338562 3.389946 -0.229226
v 3.337751 3.401826 -0.196183
v 3.336987 3.400856 -0.213942
v 3.326414 3.382087 -0.251068
v 3.327006 3.398738 -0.242193
v 3.334690 3.363780 -0.252451
v 3.332055 3.383838 -0.247721
v 3.340805 3.365570 -0.242876
v 3.336864 3.384087 -0.239947
v 3.416377 3.018277 0.136811
v 3.345497 3.374420 0.139138
v 3.345052 3.366692 0.132033
v 3.413656 3.023309 -0.196467
v 3.416986 3.016185 -0.204031
v 3.345397 3.374918 -0.203464
v 3.345141 3.366743 -0.196487
v 3.301747 3.357778 -0.196183
v 3.370140 3.014957 -0.196183
v 3.370140 3.014957 0.131760
v 3.301747 3.357778 0.131760
v 3.413727 3.023296 0.738423
v 3.307386 2.939709 0.738119
v 3.295350 3.000037 0.795829
v 3.306796 2.942662 0.755956
v 3.305088 2.951226 0.772035
v 3.301185 2.941543 0.738119
v 3.300338 2.945012 0.756532
v 3.296908 2.954777 0.771163
v 3.294418 2.949097 0.738119
v 3.294044 2.952206 0.755878
v 3.289738 2.998918 0.793004
v 3.284680 2.997908 0.784812
v 3.299070 2.981391 0.793004
v 3.293376 2.979741 0.789658
v 3.288620 2.979441 0.781924
v 3.302423 2.964583 0.784812
v 3.296679 2.964254 0.781883
v 3.281802 2.977946 0.738119
v 3.287767 2.962602 0.750083
v 3.277538 2.997053 0.752252
v 3.282975 2.977554 0.756429
v 3.283997 2.983050 0.771878
v 3.290884 2.965327 0.772778
v 3.208801 3.339235 0.738119
v 3.223238 3.361503 0.793004
v 3.216302 3.376653 0.784129
v 3.222621 3.341423 0.794387
v 3.217357 3.360956 0.789658
v 3.213512 3.354897 0.783184
v 3.209565 3.373207 0.772940
v 3.209900 3.399112 0.738119
v 3.206550 3.389539 0.738119
v 3.215388 3.401710 0.752252
v 3.210417 3.395578 0.756429
v 3.207819 3.384609 0.760957
v 3.217220 3.391668 0.772035
v 3.212244 3.387492 0.771283
v 3.209690 3.339412 0.755956
v 3.212267 3.339926 0.772035
v 3.205970 3.358058 0.738119
v 3.206924 3.358763 0.756532
v 3.209482 3.358624 0.771253
v 3.205194 3.375381 0.738119
v 3.206273 3.374778 0.755878
v 3.277194 2.996415 0.410176
v 3.301185 2.941543 0.410176
v 3.294548 2.949866 0.398212
v 3.307250 2.941250 0.396044
v 3.300306 2.945005 0.391867
v 3.305088 2.951226 0.376261
v 3.298890 2.953173 0.377013
v 3.278083 2.996592 0.392339
v 3.283370 2.984643 0.377128
v 3.281802 2.977946 0.410176
v 3.282954 2.977662 0.391763
v 3.288410 2.961240 0.397412
v 3.291623 2.961621 0.379063
v 3.299070 2.981391 0.355291
v 3.302423 2.964583 0.363483
v 3.290795 2.999697 0.353909
v 3.293430 2.979640 0.358638
v 3.295056 2.964061 0.368252
v 3.284680 2.997908 0.363483
v 3.288620 2.979391 0.366412
v 3.214922 3.403185 0.410176
v 3.226958 3.342857 0.352466
v 3.215512 3.400232 0.392339
v 3.213598 3.390203 0.377128
v 3.209900 3.399112 0.410176
v 3.210449 3.395584 0.391763
v 3.206550 3.389539 0.410176
v 3.207397 3.386525 0.392417
v 3.208792 3.377082 0.379063
v 3.221346 3.341738 0.355291
v 3.216287 3.340728 0.363483
v 3.223238 3.361503 0.355291
v 3.217346 3.360842 0.358638
v 3.211799 3.364657 0.368251
v 3.215764 3.378037 0.365302
v 3.205970 3.358058 0.410176
v 3.205590 3.374516 0.398212
v 3.209364 3.338778 0.396044
v 3.206903 3.358871 0.391867
v 3.210177 3.353384 0.375757
v 3.415585 2.964366 0.738119
v 3.418935 2.973938 0.738119
v 3.410096 2.961768 0.752252
v 3.415068 2.967900 0.756429
v 3.417666 2.978868 0.760957
v 3.411901 2.974512 0.772538
v 3.415794 3.024065 0.755956
v 3.413217 3.023551 0.772035
v 3.419514 3.005420 0.738119
v 3.418546 3.007141 0.754170
v 3.416003 3.004854 0.771253
v 3.419823 2.987457 0.750883
v 3.402246 3.001975 0.793004
v 3.409183 2.986825 0.784129
v 3.402864 3.022055 0.794387
v 3.408127 3.002522 0.789658
v 3.411973 3.008581 0.783184
v 3.415920 2.990271 0.772940
v 3.318099 3.423769 0.738119
v 3.330134 3.363441 0.795829
v 3.318688 3.420815 0.755956
v 3.320396 3.412252 0.772035
v 3.324300 3.421935 0.738119
v 3.325146 3.418466 0.756532
v 3.328576 3.408701 0.771163
v 3.331067 3.414381 0.738119
v 3.331441 3.411272 0.755878
v 3.335746 3.364560 0.793004
v 3.340805 3.365570 0.784812
v 3.326414 3.382087 0.793004
v 3.332109 3.383737 0.789658
v 3.336865 3.384037 0.781924
v 3.323061 3.398895 0.784812
v 3.328805 3.399223 0.781883
v 3.343682 3.385532 0.738119
v 3.337718 3.400875 0.750083
v 3.347402 3.366886 0.755956
v 3.343465 3.383664 0.753711
v 3.341488 3.380428 0.771878
v 3.334600 3.398151 0.772778
v 3.410562 2.960292 0.410176
v 3.398527 3.020621 0.352466
v 3.409973 2.963246 0.392339
v 3.408264 2.971810 0.376260
v 3.415585 2.964366 0.410176
v 3.415035 2.967894 0.391763
v 3.414455 2.978228 0.377133
v 3.418935 2.973938 0.410176
v 3.418087 2.976953 0.392417
v 3.404139 3.021740 0.355291
v 3.411419 3.010188 0.364166
v 3.402246 3.001975 0.355291
v 3.408138 3.002636 0.358638
v 3.409721 2.985441 0.365302
v 3.419514 3.005420 0.410176
v 3.419894 2.988962 0.398212
v 3.415794 3.024065 0.392339
v 3.418529 3.007567 0.394448
v 3.413217 3.023551 0.376261
v 3.415999 3.004803 0.377013
v 3.415971 2.990281 0.375518
v 3.324300 3.421935 0.410176
v 3.330936 3.413612 0.398212
v 3.318235 3.422228 0.396044
v 3.325179 3.418473 0.391867
v 3.320396 3.412252 0.376261
v 3.326594 3.410305 0.377013
v 3.347402 3.366886 0.392339
v 3.342114 3.378835 0.377128
v 3.343682 3.385532 0.410176
v 3.343583 3.383071 0.394018
v 3.337751 3.401826 0.410176
v 3.336987 3.400856 0.392417
v 3.333861 3.401857 0.379063
v 3.326414 3.382087 0.355291
v 3.323061 3.398895 0.363483
v 3.334690 3.363780 0.353909
v 3.332055 3.383838 0.358638
v 3.330428 3.399416 0.368252
v 3.338301 3.378944 0.365302
v 3.417031 3.015866 0.745752
v 3.345497 3.374420 0.745497
v 3.345052 3.366692 0.738392
v 3.413549 3.023343 0.409903
v 3.416926 3.016376 0.402798
v 3.345397 3.374932 0.402544
v 3.345197 3.366802 0.409872
v 3.301747 3.357778 0.410176
v 3.370140 3.014957 0.410176
v 3.370140 3.014957 0.738119
v 3.301747 3.357778 0.738119
v 3.413651 3.023330 1.343270
v 3.307386 2.939709 1.342966
v 3.295350 3.000037 1.400677
v 3.306796 2.942662 1.360803
v 3.305088 2.951226 1.376882
v 3.301185 2.941543 1.342966
v 3.300338 2.945012 1.361379
v 3.296908 2.954777 1.376010
v 3.294418 2.949097 1.342966
v 3.294044 2.952206 1.360725
v 3.289738 2.998918 1.397851
v 3.284680 2.997908 1.389659
v 3.299070 2.981391 1.397851
v 3.293376 2.979741 1.394505
v 3.288620 2.979441 1.386771
v 3.298512 2.963255 1.387841
v 3.281802 2.977946 1.342966
v 3.287767 2.962602 1.354930
v 3.277538 2.997053 1.357099
v 3.282975 2.977554 1.361276
v 3.283997 2.983050 1.376726
v 3.290884 2.965327 1.377625
v 3.208801 3.339235 1.342966
v 3.223238 3.361503 1.397851
v 3.216302 3.376653 1.388976
v 3.222621 3.341423 1.399234
v 3.217357 3.360956 1.394505
v 3.213512 3.354897 1.388031
v 3.209565 3.373207 1.377787
v 3.209900 3.399112 1.342966
v 3.206550 3.389539 1.342966
v 3.215388 3.401710 1.357099
v 3.210417 3.395578 1.361276
v 3.207819 3.384609 1.365805
v 3.217220 3.391668 1.376882
v 3.212244 3.387492 1.376130
v 3.209690 3.339412 1.360803
v 3.212267 3.339926 1.376882
v 3.205970 3.358058 1.342966
v 3.206924 3.358763 1.361379
v 3.209482 3.358624 1.376100
v 3.205194 3.375381 1.342966
v 3.206273 3.374778 1.360725
v 3.277194 2.996415 1.015023
v 3.301185 2.941543 1.015023
v 3.294418 2.949097 1.015023
v 3.307250 2.941250 1.000891
v 3.300306 2.945005 0.996714
v 3.293698 2.954136 0.992185
v 3.305088 2.951226 0.981108
v 3.298890 2.953173 0.981860
v 3.278083 2.996592 0.997186
v 3.283370 2.984643 0.981976
v 3.281802 2.977946 1.015023
v 3.282954 2.977662 0.996610
v 3.288410 2.961240 1.002259
v 3.299070 2.981391 0.960139
v 3.298478 2.964739 0.969014
v 3.290795 2.999697 0.958756
v 3.293430 2.979640 0.963485
v 3.284680 2.997908 0.968331
v 3.288620 2.979391 0.971259
v 3.290935 2.965337 0.980203
v 3.214922 3.403185 1.015023
v 3.226958 3.342857 0.957313
v 3.215512 3.400232 0.997186
v 3.217220 3.391668 0.981108
v 3.209900 3.399112 1.015023
v 3.210449 3.395584 0.996610
v 3.211029 3.385250 0.981980
v 3.206550 3.389539 1.015023
v 3.207397 3.386525 0.997265
v 3.221346 3.341738 0.960139
v 3.214065 3.353290 0.969014
v 3.223238 3.361503 0.960139
v 3.217346 3.360842 0.963485
v 3.219885 3.378311 0.968331
v 3.214454 3.376410 0.971259
v 3.205970 3.358058 1.015023
v 3.205590 3.374516 1.003059
v 3.209364 3.338778 1.000891
v 3.206903 3.358871 0.996714
v 3.210178 3.353384 0.980604
v 3.209514 3.373197 0.980365
v 3.415585 2.964366 1.342966
v 3.418935 2.973938 1.342966
v 3.410096 2.961768 1.357099
v 3.415068 2.967900 1.361276
v 3.417666 2.978868 1.365804
v 3.408264 2.971810 1.376882
v 3.413241 2.975986 1.376130
v 3.415794 3.024065 1.360803
v 3.415497 3.011002 1.376014
v 3.419514 3.005420 1.342966
v 3.418535 3.007601 1.358698
v 3.419823 2.987457 1.355731
v 3.402246 3.001975 1.397851
v 3.409183 2.986825 1.388976
v 3.402864 3.022055 1.399234
v 3.408127 3.002522 1.394505
v 3.409197 3.022749 1.389659
v 3.412664 3.004138 1.386730
v 3.415920 2.990271 1.377787
v 3.318099 3.423769 1.342966
v 3.330134 3.363441 1.400677
v 3.318688 3.420815 1.360803
v 3.320396 3.412252 1.376882
v 3.324300 3.421935 1.342966
v 3.325146 3.418466 1.361379
v 3.328576 3.408701 1.376010
v 3.331067 3.414381 1.342966
v 3.331441 3.411272 1.360725
v 3.335746 3.364560 1.397851
v 3.338037 3.378022 1.388976
v 3.326414 3.382087 1.397851
v 3.332109 3.383737 1.394505
v 3.323061 3.398895 1.389659
v 3.328805 3.399223 1.386730
v 3.343682 3.385532 1.342966
v 3.337718 3.400875 1.354930
v 3.347402 3.366886 1.360803
v 3.343426 3.383634 1.359003
v 3.341590 3.379601 1.377386
v 3.334600 3.398151 1.377625
v 3.410562 2.960292 1.015023
v 3.398527 3.020621 0.957313
v 3.409973 2.963246 0.997186
v 3.408264 2.971810 0.981108
v 3.415585 2.964366 1.015023
v 3.415035 2.967894 0.996610
v 3.414455 2.978228 0.981980
v 3.418935 2.973938 1.015023
v 3.418087 2.976953 0.997265
v 3.404139 3.021740 0.960139
v 3.411419 3.010188 0.969014
v 3.402246 3.001975 0.960139
v 3.408138 3.002636 0.963485
v 3.409721 2.985441 0.970149
v 3.419514 3.005420 1.015023
v 3.419894 2.988962 1.003059
v 3.415794 3.024065 0.997186
v 3.418541 3.007166 0.998947
v 3.413217 3.023551 0.981108
v 3.415999 3.004803 0.981860
v 3.415970 2.990281 0.980365
v 3.324300 3.421935 1.015023
v 3.331067 3.414381 1.015023
v 3.318235 3.422228 1.000891
v 3.325179 3.418473 0.996714
v 3.331787 3.409341 0.992185
v 3.320396 3.412252 0.981108
v 3.326594 3.410305 0.981860
v 3.347402 3.366886 0.997186
v 3.342114 3.378835 0.981976
v 3.343682 3.385532 1.015023
v 3.343586 3.383221 0.999343
v 3.337751 3.401826 1.015023
v 3.336987 3.400856 0.997265
v 3.326414 3.382087 0.960139
v 3.327006 3.398738 0.969014
v 3.334690 3.363780 0.958756
v 3.332055 3.383838 0.963485
v 3.338301 3.378944 0.970149
v 3.334550 3.398141 0.980203
v 3.417065 3.015788 1.350435
v 3.345500 3.374263 1.350422
v 3.345137 3.366764 1.343250
v 3.413656 3.023309 1.014740
v 3.416926 3.016377 1.007266
v 3.345003 3.376995 1.005283
v 3.345670 3.370845 1.011221
v 3.344550 3.366422 1.014918
v 3.301747 3.357778 1.015023
v 3.370140 3.014957 1.015023
v 3.370140 3.014957 1.342966
v 3.301747 3.357778 1.342966
v 3.536559 2.407592 0.132064
v 3.430218 2.324004 0.131760
v 3.418183 2.384332 0.189470
v 3.429629 2.326958 0.149597
v 3.424015 2.335484 0.164808
v 3.424017 2.325838 0.131760
v 3.423171 2.329307 0.150173
v 3.417250 2.333393 0.131760
v 3.416876 2.336501 0.149519
v 3.412571 2.383213 0.186645
v 3.410281 2.369751 0.177770
v 3.421903 2.365686 0.186645
v 3.416209 2.364037 0.183298
v 3.425256 2.348878 0.178453
v 3.419512 2.348550 0.175524
v 3.415622 2.346148 0.166580
v 3.404635 2.362241 0.131760
v 3.410566 2.345947 0.131760
v 3.400371 2.381348 0.145893
v 3.405808 2.361849 0.150070
v 3.411884 2.347158 0.154598
v 3.406727 2.368172 0.166179
v 3.331634 2.723530 0.131760
v 3.346071 2.745798 0.186645
v 3.342718 2.762607 0.178453
v 3.345454 2.725718 0.188027
v 3.340190 2.745251 0.183298
v 3.335714 2.760261 0.173684
v 3.339120 2.725024 0.178453
v 3.335653 2.743635 0.175524
v 3.332733 2.783407 0.131760
v 3.329798 2.773175 0.143724
v 3.338221 2.786005 0.145893
v 3.333249 2.779873 0.150070
v 3.336416 2.773262 0.166179
v 3.332523 2.723708 0.149597
v 3.332820 2.736771 0.164808
v 3.328803 2.742353 0.131760
v 3.329757 2.743058 0.150173
v 3.328494 2.760316 0.144524
v 3.331608 2.761198 0.162874
v 3.400026 2.380710 -0.196183
v 3.424017 2.325838 -0.196183
v 3.417381 2.334161 -0.208147
v 3.430083 2.325545 -0.210316
v 3.423138 2.329300 -0.214493
v 3.423526 2.336621 -0.230602
v 3.400915 2.380888 -0.214020
v 3.406203 2.368938 -0.229231
v 3.404635 2.362241 -0.196183
v 3.405787 2.361957 -0.214596
v 3.410566 2.345947 -0.196183
v 3.411330 2.346917 -0.213942
v 3.414456 2.345916 -0.227297
v 3.421903 2.365686 -0.251068
v 3.425256 2.348878 -0.242876
v 3.413628 2.383993 -0.252451
v 3.416263 2.363935 -0.247721
v 3.417889 2.348356 -0.238108
v 3.407513 2.382204 -0.242876
v 3.411453 2.363687 -0.239947
v 3.337755 2.787481 -0.196183
v 3.349791 2.727152 -0.253893
v 3.338344 2.784527 -0.214020
v 3.340053 2.775963 -0.230099
v 3.332733 2.783407 -0.196183
v 3.333282 2.779880 -0.214596
v 3.333862 2.769545 -0.229226
v 3.329382 2.773835 -0.196183
v 3.330230 2.770820 -0.213942
v 3.344179 2.726033 -0.251068
v 3.336898 2.737585 -0.242193
v 3.346071 2.745798 -0.251068
v 3.340179 2.745137 -0.247721
v 3.338597 2.762332 -0.241058
v 3.328803 2.742353 -0.196183
v 3.328423 2.758811 -0.208147
v 3.332197 2.723073 -0.210316
v 3.329736 2.743165 -0.214493
v 3.333010 2.737679 -0.230603
v 3.332347 2.757492 -0.230842
v 3.538417 2.348661 0.131760
v 3.541352 2.358893 0.143724
v 3.532929 2.346063 0.145893
v 3.537901 2.352195 0.150070
v 3.531097 2.356105 0.165676
v 3.536074 2.360281 0.164924
v 3.538627 2.408361 0.149597
v 3.538330 2.395297 0.164808
v 3.542347 2.389715 0.131760
v 3.541371 2.391812 0.147440
v 3.543123 2.372392 0.131760
v 3.542045 2.372995 0.149519
v 3.539543 2.370871 0.162874
v 3.525079 2.386270 0.186645
v 3.528433 2.369462 0.178453
v 3.525697 2.406350 0.188027
v 3.530960 2.386817 0.183298
v 3.535436 2.371807 0.173685
v 3.532030 2.407045 0.178453
v 3.535497 2.388433 0.175524
v 3.440932 2.808064 0.131760
v 3.452967 2.747736 0.189470
v 3.441521 2.805110 0.149597
v 3.447136 2.796584 0.164808
v 3.447133 2.806230 0.131760
v 3.447979 2.802762 0.150173
v 3.453900 2.798676 0.131760
v 3.454274 2.795567 0.149519
v 3.458579 2.748856 0.186645
v 3.460869 2.762317 0.177770
v 3.449247 2.766382 0.186645
v 3.454942 2.768032 0.183298
v 3.445894 2.783190 0.178453
v 3.451638 2.783519 0.175524
v 3.455528 2.785920 0.166581
v 3.466515 2.769827 0.131760
v 3.460584 2.786121 0.131760
v 3.470235 2.751181 0.149597
v 3.466291 2.767884 0.147738
v 3.459266 2.784910 0.154598
v 3.464423 2.763896 0.166179
v 3.533395 2.344588 -0.196183
v 3.521359 2.404916 -0.253893
v 3.532806 2.347541 -0.214020
v 3.531097 2.356105 -0.230099
v 3.538417 2.348661 -0.196183
v 3.537868 2.352189 -0.214596
v 3.537288 2.362523 -0.229226
v 3.541768 2.358234 -0.196183
v 3.540920 2.361248 -0.213942
v 3.526971 2.406035 -0.251068
v 3.534252 2.394484 -0.242193
v 3.525079 2.386270 -0.251068
v 3.530971 2.386931 -0.247721
v 3.528433 2.369462 -0.242876
v 3.533863 2.371363 -0.239947
v 3.542347 2.389715 -0.196183
v 3.542727 2.373257 -0.208147
v 3.538627 2.408361 -0.214020
v 3.541439 2.391255 -0.211726
v 3.538140 2.394389 -0.230602
v 3.538803 2.374577 -0.230842
v 3.447133 2.806230 -0.196183
v 3.453769 2.797907 -0.208147
v 3.441068 2.806523 -0.210315
v 3.448012 2.802768 -0.214493
v 3.447624 2.795447 -0.230602
v 3.455494 2.786089 -0.230842
v 3.470235 2.751181 -0.214020
v 3.467657 2.750667 -0.230099
v 3.466515 2.769827 -0.196183
v 3.466442 2.767240 -0.212481
v 3.461394 2.774241 -0.229226
v 3.459907 2.786533 -0.208947
v 3.449247 2.766382 -0.251068
v 3.449839 2.783034 -0.242193
v 3.457523 2.748075 -0.252451
v 3.454888 2.768133 -0.247721
v 3.463637 2.749865 -0.242876
v 3.459697 2.768382 -0.239947
v 3.539864 2.400161 0.139392
v 3.467836 2.761290 0.141501
v 3.468536 2.754975 0.135720
v 3.467381 2.750726 0.131857
v 3.535850 2.407697 -0.196293
v 3.539246 2.402496 -0.201692
v 3.468259 2.759084 -0.203574
v 3.467973 2.751038 -0.196487
v 3.424580 2.742073 -0.196183
v 3.492972 2.399253 -0.196183
v 3.492972 2.399253 0.131760
v 3.424580 2.742073 0.131760
v 3.536559 2.407592 0.738423
v 3.430218 2.324004 0.738119
v 3.418183 2.384332 0.795829
v 3.429629 2.326958 0.755956
v 3.427921 2.335521 0.772035
v 3.424017 2.325838 0.738119
v 3.423171 2.329307 0.756532
v 3.419741 2.339072 0.771163
v 3.417250 2.333393 0.738119
v 3.416876 2.336501 0.755878
v 3.412571 2.383213 0.793004
v 3.407513 2.382204 0.784812
v 3.421903 2.365686 0.793004
v 3.416209 2.364037 0.789658
v 3.411453 2.363736 0.781924
v 3.425256 2.348878 0.784812
v 3.419512 2.348550 0.781883
v 3.404635 2.362241 0.738119
v 3.410600 2.346898 0.750083
v 3.400371 2.381348 0.752252
v 3.405808 2.361849 0.756429
v 3.406830 2.367345 0.771878
v 3.413717 2.349622 0.772778
v 3.331634 2.723530 0.738119
v 3.346071 2.745798 0.793004
v 3.342718 2.762607 0.784812
v 3.345454 2.725718 0.794387
v 3.340190 2.745251 0.789658
v 3.335714 2.760262 0.780044
v 3.336345 2.739192 0.783184
v 3.332733 2.783407 0.738119
v 3.329798 2.773175 0.750083
v 3.338041 2.785985 0.751698
v 3.333249 2.779873 0.756429
v 3.340053 2.775963 0.772035
v 3.335077 2.771787 0.771283
v 3.332523 2.723708 0.755956
v 3.335100 2.724222 0.772035
v 3.328803 2.742353 0.738119
v 3.329757 2.743058 0.756532
v 3.332315 2.742919 0.771253
v 3.328494 2.760316 0.750883
v 3.331608 2.761198 0.769233
v 3.400026 2.380710 0.410176
v 3.424017 2.325838 0.410176
v 3.417381 2.334161 0.398212
v 3.430083 2.325545 0.396043
v 3.423138 2.329300 0.391867
v 3.427921 2.335521 0.376261
v 3.421723 2.337468 0.377013
v 3.400915 2.380888 0.392339
v 3.406203 2.368938 0.377128
v 3.404635 2.362241 0.410176
v 3.405787 2.361957 0.391763
v 3.410566 2.345947 0.410176
v 3.411330 2.346917 0.392417
v 3.414456 2.345916 0.379063
v 3.421903 2.365686 0.355291
v 3.425256 2.348878 0.363483
v 3.413628 2.383993 0.353909
v 3.416263 2.363935 0.358638
v 3.417889 2.348356 0.368251
v 3.410016 2.368829 0.365302
v 3.337755 2.787481 0.410176
v 3.349791 2.727152 0.352466
v 3.338344 2.784527 0.392339
v 3.340053 2.775963 0.376260
v 3.332733 2.783407 0.410176
v 3.333282 2.779880 0.391763
v 3.333862 2.769545 0.377133
v 3.329382 2.773835 0.410176
v 3.330230 2.770820 0.392417
v 3.344179 2.726033 0.355291
v 3.336898 2.737585 0.364166
v 3.346071 2.745798 0.355291
v 3.340179 2.745137 0.358638
v 3.338597 2.762332 0.365302
v 3.328803 2.742353 0.410176
v 3.328423 2.758811 0.398212
v 3.332197 2.723073 0.396044
v 3.329736 2.743165 0.391867
v 3.333010 2.737679 0.375757
v 3.332347 2.757492 0.375518
v 3.538417 2.348661 0.738119
v 3.541352 2.358893 0.750083
v 3.532929 2.346063 0.752252
v 3.537901 2.352195 0.756429
v 3.531097 2.356105 0.772035
v 3.536074 2.360281 0.771283
v 3.538627 2.408361 0.755956
v 3.536050 2.407846 0.772035
v 3.542347 2.389715 0.738119
v 3.541439 2.391317 0.753673
v 3.538835 2.389149 0.771253
v 3.543123 2.372392 0.738119
v 3.542045 2.372995 0.755878
v 3.539543 2.370871 0.769233
v 3.525079 2.386270 0.793004
v 3.528433 2.369462 0.784812
v 3.525697 2.406350 0.794387
v 3.530960 2.386817 0.789658
v 3.535436 2.371807 0.780044
v 3.534805 2.392876 0.783184
v 3.440932 2.808064 0.738119
v 3.452967 2.747736 0.795829
v 3.441521 2.805110 0.755956
v 3.447558 2.795928 0.771644
v 3.447133 2.806230 0.738119
v 3.447979 2.802762 0.756532
v 3.453900 2.798676 0.738119
v 3.454274 2.795567 0.755878
v 3.454590 2.789673 0.768655
v 3.458579 2.748856 0.793004
v 3.463637 2.749865 0.784812
v 3.449247 2.766382 0.793004
v 3.454942 2.768032 0.789658
v 3.459697 2.768332 0.781924
v 3.449805 2.784518 0.782994
v 3.466515 2.769827 0.738119
v 3.460550 2.785171 0.750083
v 3.470235 2.751181 0.755956
v 3.466425 2.767328 0.754315
v 3.464320 2.764723 0.771878
v 3.457433 2.782446 0.772778
v 3.533395 2.344588 0.410176
v 3.521359 2.404916 0.352466
v 3.532806 2.347541 0.392339
v 3.531097 2.356105 0.376260
v 3.538417 2.348661 0.410176
v 3.537868 2.352189 0.391763
v 3.537288 2.362523 0.377133
v 3.541768 2.358234 0.410176
v 3.540920 2.361248 0.392417
v 3.526971 2.406035 0.355291
v 3.534252 2.394484 0.364166
v 3.525079 2.386270 0.355291
v 3.530971 2.386931 0.358638
v 3.528433 2.369462 0.363483
v 3.533863 2.371363 0.366412
v 3.542347 2.389715 0.410176
v 3.542727 2.373257 0.398212
v 3.538627 2.408361 0.392339
v 3.541366 2.391784 0.394498
v 3.538140 2.394389 0.375757
v 3.538803 2.374576 0.375518
v 3.447133 2.806230 0.410176
v 3.453769 2.797907 0.398212
v 3.441068 2.806523 0.396044
v 3.448012 2.802768 0.391867
v 3.443229 2.796547 0.376261
v 3.449427 2.794600 0.377013
v 3.470235 2.751181 0.392339
v 3.464947 2.763130 0.377128
v 3.466515 2.769827 0.410176
v 3.466314 2.767766 0.394085
v 3.459907 2.786533 0.397412
v 3.456694 2.786152 0.379063
v 3.449247 2.766382 0.355291
v 3.445894 2.783190 0.363483
v 3.457523 2.748075 0.353909
v 3.454888 2.768133 0.358638
v 3.453261 2.783712 0.368252
v 3.461134 2.763240 0.365302
v 3.539864 2.400161 0.745752
v 3.468329 2.758716 0.745497
v 3.467885 2.750987 0.738392
v 3.536489 2.407604 0.409892
v 3.539701 2.400818 0.402721
v 3.468231 2.759312 0.402708
v 3.467973 2.751038 0.409873
v 3.424580 2.742073 0.410176
v 3.492972 2.399253 0.410176
v 3.492972 2.399253 0.738119
v 3.424580 2.742073 0.738119
v 3.536559 2.407592 1.343271
v 3.430218 2.324004 1.342966
v 3.418183 2.384332 1.400677
v 3.429629 2.326958 1.360803
v 3.424014 2.335485 1.376014
v 3.424017 2.325838 1.342966
v 3.423171 2.329307 1.361379
v 3.417250 2.333393 1.342966
v 3.416876 2.336501 1.360725
v 3.412571 2.383213 1.397851
v 3.407513 2.382204 1.389659
v 3.421903 2.365686 1.397851
v 3.416209 2.364037 1.394505
v 3.411453 2.363736 1.386771
v 3.425256 2.348878 1.389659
v 3.419512 2.348550 1.386730
v 3.415622 2.346148 1.377787
v 3.404635 2.362241 1.342966
v 3.410566 2.345947 1.342966
v 3.400371 2.381348 1.357099
v 3.405808 2.361849 1.361276
v 3.411884 2.347158 1.365804
v 3.406830 2.367345 1.376726
v 3.331634 2.723530 1.342966
v 3.346071 2.745798 1.397851
v 3.339134 2.760948 1.388976
v 3.345454 2.725718 1.399234
v 3.340190 2.745251 1.394505
v 3.336345 2.739192 1.388031
v 3.332398 2.757502 1.377787
v 3.332733 2.783407 1.342966
v 3.329382 2.773835 1.342966
v 3.338221 2.786005 1.357099
v 3.333249 2.779873 1.361276
v 3.330651 2.768905 1.365804
v 3.340053 2.775963 1.376882
v 3.335077 2.771787 1.376130
v 3.332523 2.723708 1.360803
v 3.335100 2.724222 1.376882
v 3.328803 2.742353 1.342966
v 3.329757 2.743058 1.361379
v 3.332315 2.742919 1.376100
v 3.328494 2.760316 1.355731
v 3.400026 2.380710 1.015023
v 3.424017 2.325838 1.015023
v 3.417381 2.334161 1.003060
v 3.430083 2.325545 1.000890
v 3.423138 2.329300 0.996714
v 3.427921 2.335521 0.981108
v 3.421723 2.337468 0.981860
v 3.400915 2.380888 0.997186
v 3.406203 2.368938 0.981976
v 3.404635 2.362241 1.015023
v 3.405787 2.361957 0.996610
v 3.410566 2.345947 1.015023
v 3.411330 2.346917 0.997265
v 3.414456 2.345916 0.983910
v 3.421903 2.365686 0.960139
v 3.425256 2.348878 0.968331
v 3.413628 2.383993 0.958756
v 3.416263 2.363935 0.963485
v 3.417889 2.348356 0.973099
v 3.407513 2.382204 0.968331
v 3.411453 2.363687 0.971259
v 3.337755 2.787481 1.015023
v 3.349791 2.727152 0.957313
v 3.338344 2.784527 0.997186
v 3.340053 2.775963 0.981108
v 3.332733 2.783407 1.015023
v 3.333282 2.779880 0.996610
v 3.333862 2.769546 0.981980
v 3.329382 2.773835 1.015023
v 3.330230 2.770820 0.997265
v 3.344179 2.726033 0.960139
v 3.336898 2.737585 0.969014
v 3.346071 2.745798 0.960139
v 3.340179 2.745137 0.963485
v 3.338597 2.762332 0.970149
v 3.328803 2.742353 1.015023
v 3.328423 2.758811 1.003059
v 3.332197 2.723073 1.000891
v 3.329736 2.743165 0.996714
v 3.333010 2.737679 0.980604
v 3.332347 2.757492 0.980365
v 3.538417 2.348661 1.342966
v 3.541352 2.358893 1.354930
v 3.532929 2.346063 1.357099
v 3.537901 2.352195 1.361276
v 3.531097 2.356105 1.376882
v 3.536074 2.360281 1.376130
v 3.538627 2.408361 1.360803
v 3.538330 2.395297 1.376014
v 3.542347 2.389715 1.342966
v 3.541371 2.391812 1.358647
v 3.543123 2.372392 1.342966
v 3.542045 2.372995 1.360725
v 3.539543 2.370871 1.374080
v 3.525079 2.386270 1.397851
v 3.528433 2.369462 1.389659
v 3.525697 2.406350 1.399234
v 3.530960 2.386817 1.394505
v 3.535436 2.371807 1.384891
v 3.532030 2.407045 1.389659
v 3.535497 2.388433 1.386730
v 3.440932 2.808064 1.342966
v 3.452967 2.747736 1.400677
v 3.441521 2.805110 1.360803
v 3.443229 2.796547 1.376882
v 3.447133 2.806230 1.342966
v 3.447979 2.802762 1.361379
v 3.451409 2.792996 1.376010
v 3.453900 2.798676 1.342966
v 3.454274 2.795567 1.360725
v 3.458579 2.748856 1.397851
v 3.460869 2.762317 1.388976
v 3.449247 2.766382 1.397851
v 3.454942 2.768032 1.394505
v 3.449805 2.784518 1.387841
v 3.466515 2.769827 1.342966
v 3.460550 2.785171 1.354930
v 3.470235 2.751181 1.360803
v 3.466287 2.767840 1.359042
v 3.464423 2.763896 1.377386
v 3.457433 2.782446 1.377625
v 3.533395 2.344588 1.015023
v 3.521359 2.404916 0.957313
v 3.532806 2.347541 0.997186
v 3.534719 2.357570 0.981976
v 3.538417 2.348661 1.015023
v 3.537868 2.352189 0.996610
v 3.541768 2.358234 1.015023
v 3.540920 2.361248 0.997265
v 3.526971 2.406035 0.960139
v 3.534252 2.394484 0.969014
v 3.525079 2.386270 0.960139
v 3.530971 2.386931 0.963485
v 3.528433 2.369462 0.968331
v 3.533863 2.371363 0.971259
v 3.538376 2.370638 0.980203
v 3.542347 2.389715 1.015023
v 3.543123 2.372392 1.015023
v 3.538627 2.408361 0.997186
v 3.541439 2.391255 0.999480
v 3.541441 2.373005 0.992185
v 3.536050 2.407846 0.981108
v 3.538832 2.389099 0.981860
v 3.447133 2.806230 1.015023
v 3.453900 2.798676 1.015023
v 3.441068 2.806523 1.000891
v 3.448012 2.802768 0.996714
v 3.454620 2.793636 0.992185
v 3.443229 2.796547 0.981108
v 3.449427 2.794600 0.981860
v 3.470235 2.751181 0.997186
v 3.464947 2.763130 0.981976
v 3.466515 2.769827 1.015023
v 3.466443 2.767293 0.998825
v 3.459907 2.786533 1.002259
v 3.449247 2.766382 0.960139
v 3.449839 2.783034 0.969014
v 3.457523 2.748075 0.958756
v 3.454888 2.768133 0.963485
v 3.461134 2.763240 0.970149
v 3.457382 2.782436 0.980203
v 3.539864 2.400161 1.350599
v 3.468329 2.758716 1.350344
v 3.467885 2.750987 1.343239
v 3.536488 2.407604 1.014740
v 3.539701 2.400818 1.007568
v 3.468231 2.759312 1.007555
v 3.467973 2.751038 1.014720
v 3.424580 2.742073 1.015023
v 3.492972 2.399253 1.015023
v 3.492972 2.399253 1.342966
v 3.424580 2.742073 1.342966
vn -0.3771 -0.7279 0.5727
vn -0.7407 -0.6259 0.2441
vn -0.7778 -0.2483 0.5773
vn -0.3552 -0.4433 0.8230
vn -0.8887 -0.3308 0.3176
vn -0.9441 -0.3253 0.0535
vn -0.9604 -0.2362 0.1475
vn -0.4958 0.2587 0.8290
vn -0.9855 0.1463 0.0863
vn -0.8968 0.3328 0.2915
vn -0.9792 -0.1442 0.1430
vn -0.9970 -0.0554 0.0538
vn -0.9586 -0.0436 0.2814
vn -0.8539 -0.5132 -0.0863
vn -0.7005 -0.6514 -0.2915
vn -0.9595 -0.2426 -0.1430
vn -0.9419 -0.3315 -0.0538
vn -0.9020 -0.3276 -0.2814
vn -0.3586 -0.4291 -0.8290
vn -0.6275 0.5275 -0.5727
vn -0.9242 0.2937 -0.2441
vn -0.8136 -0.0692 -0.5773
vn -0.4981 0.2731 -0.8230
vn -0.9476 -0.0356 -0.3176
vn -0.9966 -0.0619 -0.0535
vn -0.9776 -0.1504 -0.1475
vn 0.9855 -0.1463 0.0863
vn 0.8968 -0.3328 0.2915
vn 0.9788 0.1454 0.1440
vn 0.9968 0.0569 0.0560
vn 0.9586 0.0436 0.2813
vn 0.4958 -0.2587 0.8290
vn 0.3771 0.7279 0.5727
vn 0.7407 0.6259 0.2441
vn 0.7778 0.2483 0.5773
vn 0.3552 0.4433 0.8230
vn 0.8887 0.3308 0.3176
vn 0.9442 0.3250 0.0540
vn 0.9584 0.2433 0.1493
vn 0.6275 -0.5275 -0.5727
vn 0.9242 -0.2937 -0.2441
vn 0.8136 0.0692 -0.5773
vn 0.4981 -0.2731 -0.8230
vn 0.9456 0.0315 -0.3239
vn 0.9966 0.0620 -0.0536
vn 0.8539 0.5132 -0.0863
vn 0.7005 0.6514 -0.2915
vn 0.9593 0.2442 -0.1416
vn 0.9417 0.3323 -0.0526
vn 0.9005 0.3265 -0.2873
vn 0.3054 0.4205 -0.8543
vn 0.7911 0.2485 -0.5590
vn -0.4346 -0.0846 -0.8966
vn 0.2007 -0.9654 -0.1665
vn -0.2007 0.9654 -0.1665
vn -0.0354 0.1428 -0.9891
vn 0.4338 0.0886 0.8966
vn 0.1851 -0.9685 0.1665
vn -0.1851 0.9685 0.1665
vn -0.2845 -0.8772 0.3867
vn -0.8974 -0.2610 0.3558
vn -0.7363 -0.4224 0.5286
vn -0.8816 -0.4459 0.1549
vn -0.6025 0.4232 0.6767
vn -0.8674 0.0579 0.4942
vn -0.9197 0.3798 0.0993
vn -0.5968 0.6943 0.4023
vn -0.9794 0.1159 0.1651
vn -0.7035 -0.7037 -0.0993
vn -0.2328 -0.8833 -0.4070
vn -0.8637 -0.4775 -0.1612
vn -0.3520 -0.4423 -0.8249
vn -0.5994 0.7009 -0.3867
vn -0.8421 0.1075 -0.5286
vn -0.9852 0.0735 -0.1549
vn 0.9165 -0.3908 0.0860
vn 0.5968 -0.6943 0.4023
vn 0.9794 -0.1159 0.1651
vn 0.9796 0.1426 0.1416
vn 0.6025 -0.4232 0.6767
vn 0.8674 -0.0579 0.4942
vn 0.2845 0.8772 0.3867
vn 0.8974 0.2610 0.3558
vn 0.7363 0.4224 0.5286
vn 0.9444 0.3241 0.0552
vn 0.9586 0.2415 0.1508
vn 0.8816 0.4459 0.1549
vn 0.5994 -0.7009 -0.3867
vn 0.9288 0.1033 -0.3558
vn 0.8421 -0.1075 -0.5286
vn 0.9966 0.0622 -0.0540
vn 0.9784 0.1431 -0.1493
vn 0.9852 -0.0735 -0.1549
vn 0.7035 0.7037 -0.0993
vn 0.2328 0.8833 -0.4070
vn 0.8637 0.4775 -0.1612
vn 0.9595 0.2426 -0.1429
vn 0.9420 0.3312 -0.0541
vn 0.3520 0.4423 -0.8249
vn -0.4338 -0.0886 0.8966
vn -0.8674 0.0578 0.4942
vn -0.5539 0.7263 0.4070
vn -0.9251 -0.3476 -0.1528
vn -0.6636 -0.5704 -0.4841
vn 0.9197 -0.3798 0.0993
vn 0.5539 -0.7263 0.4070
vn 0.9792 0.1441 0.1429
vn 0.8674 -0.0578 0.4942
vn 0.2846 0.8772 0.3867
vn 0.9437 0.3268 0.0514
vn 0.9582 0.2445 0.1484
vn 0.9476 0.0356 -0.3176
vn 0.9323 0.3328 -0.1415
vn 0.3586 0.4291 -0.8290
vn 0.6636 0.5704 -0.4841
vn 0.9904 -0.1209 0.0677
vn 0.9831 -0.0848 0.1622
vn 0.9793 0.1438 0.1426
vn 0.9969 0.0561 0.0545
vn 0.9441 0.3252 0.0536
vn 0.9584 0.2429 0.1496
vn 0.9279 -0.3602 -0.0967
vn 0.9324 -0.2768 -0.2325
vn 0.9955 -0.0711 -0.0628
vn 0.9783 0.1434 -0.1496
vn 0.9325 0.3323 -0.1411
vn -0.0221 0.1455 0.9891
vn -0.3011 -0.7178 0.6278
vn -0.7186 -0.6886 0.0967
vn -0.3554 -0.4429 0.8231
vn -0.7261 -0.4353 0.5323
vn -0.8920 -0.4476 0.0628
vn -0.8658 -0.4718 0.1668
vn -0.8681 -0.4917 -0.0677
vn -0.8753 -0.4556 -0.1622
vn -0.9420 -0.3313 -0.0538
vn -0.7788 -0.3863 -0.4942
vn -0.8356 0.1299 -0.5337
vn -0.9970 -0.0558 -0.0533
vn -0.9844 0.0778 -0.1578
vn 0.5538 -0.7263 0.4071
vn 0.9510 0.1299 0.2806
vn 0.6017 -0.4350 0.6698
vn 0.8202 0.0840 0.5658
vn 0.8769 -0.0451 0.4786
vn 0.9110 0.2461 0.3308
vn 0.8962 0.3334 0.2926
vn 0.9586 0.2415 0.1507
vn 0.8356 -0.1299 -0.5337
vn 0.9968 0.0610 -0.0522
vn 0.9787 0.1417 -0.1482
vn 0.3939 0.6220 -0.6767
vn 0.7896 0.2372 -0.5660
vn 0.7977 0.3748 -0.4724
vn -0.7548 -0.6134 0.2325
vn -0.9586 -0.0436 0.2813
vn -0.8591 -0.5048 -0.0843
vn -0.2327 -0.8832 -0.4071
vn -0.6921 -0.6532 -0.3072
vn -0.3107 -0.6597 -0.6843
vn -0.9456 -0.0315 -0.3239
vn 0.9498 0.0306 0.3113
vn 0.6224 -0.5210 -0.5842
vn 0.9357 0.1223 -0.3308
vn 0.4981 -0.2727 -0.8231
vn 0.9555 0.0360 -0.2926
vn 0.9783 0.1435 -0.1494
vn 0.9280 0.2449 -0.2806
vn 0.8889 0.3362 -0.3113
vn 0.7897 0.2371 -0.5658
vn 0.8867 -0.3396 0.3137
vn 0.9967 0.0574 0.0567
vn 0.9969 0.0603 -0.0514
vn 0.9787 0.1419 -0.1484
vn 0.9317 0.3342 -0.1426
vn 0.9055 0.4243 -0.0010
vn 0.8871 0.1758 -0.4268
vn -0.9110 -0.2461 0.3308
vn -0.8962 -0.3334 0.2926
vn -0.8202 -0.0840 0.5658
vn -0.9510 -0.1299 0.2806
vn -0.9498 -0.0306 0.3113
vn -0.9288 -0.1033 -0.3558
vn -0.8356 0.1300 -0.5337
vn 0.8867 -0.3395 0.3137
vn 0.9970 0.0556 0.0541
vn 0.9439 0.3262 0.0522
vn 0.9583 0.2447 0.1479
vn 0.8600 0.4829 -0.1651
vn 0.9597 0.2414 -0.1440
vn -0.4958 0.2586 0.8290
vn -0.7005 -0.6515 -0.2915
vn -0.9020 -0.3276 -0.2813
vn 0.9790 0.1446 0.1433
vn 0.9970 0.0558 0.0543
vn 0.9584 0.2436 0.1491
vn 0.9595 0.2430 -0.1426
vn 0.7896 0.2372 -0.5659
vn 0.8652 0.1740 0.4703
vn 0.9764 0.1952 0.0926
vn 0.9988 -0.0493 0.0010
vn -0.6642 -0.5974 0.4493
vn -0.7779 -0.2483 0.5773
vn -0.9272 -0.3276 0.1814
vn -0.9197 0.3799 0.0993
vn -0.9808 0.1095 0.1612
vn -0.2329 -0.8833 -0.4070
vn -0.8600 -0.4829 -0.1651
vn -0.3939 -0.6220 -0.6767
vn 0.9197 -0.3799 0.0993
vn 0.6642 0.5974 0.4493
vn 0.9334 0.3192 0.1636
vn 0.9789 0.1411 -0.1477
vn 0.9424 0.3296 -0.0565
vn 0.9301 0.3403 -0.1381
vn 0.9483 0.1901 0.2540
vn 0.8365 0.5479 -0.0016
vn 0.9647 -0.2635 0.0015
vn 0.9940 0.1097 0.0005
vn 0.9527 0.1891 -0.2379
vn -0.8769 0.0451 0.4786
vn -0.7036 -0.7037 -0.0993
vn -0.7896 -0.2372 -0.5660
vn -0.7977 -0.3748 -0.4724
vn 0.2811 0.8715 0.4019
vn 0.9444 0.3240 0.0552
vn 0.9966 0.0624 -0.0541
vn 0.9786 0.1423 -0.1487
vn 0.9596 0.2419 -0.1435
vn -0.1858 0.9684 0.1665
vn -0.9275 -0.3287 0.1782
vn 0.3770 0.7279 0.5727
vn 0.8426 -0.2968 -0.4493
vn 0.9862 0.0614 -0.1534
vn 0.9598 0.2406 -0.1446
vn 0.9423 0.3301 -0.0558
vn -0.3436 -0.8306 0.4382
vn -0.7474 -0.6577 0.0944
vn -0.4237 -0.2256 0.8773
vn -0.7420 -0.4932 0.4541
vn -0.7811 -0.4132 0.4682
vn -0.9176 -0.3552 0.1782
vn -0.9648 -0.2570 0.0563
vn -0.8703 -0.4880 0.0671
vn -0.8617 -0.4660 0.2007
vn -0.4778 0.0457 0.8773
vn -0.8484 -0.0804 0.5231
vn -0.5517 0.5434 0.6328
vn -0.8670 0.1113 0.4857
vn -0.8914 0.2135 0.3997
vn -0.9492 0.2974 0.1024
vn -0.7146 0.6828 0.1520
vn -0.5762 0.6976 0.4259
vn -0.9879 -0.1456 0.0538
vn -0.9832 0.0373 0.1788
vn -0.9833 -0.0252 0.1804
vn -0.9371 -0.1232 0.3266
vn -0.7624 -0.6389 -0.1024
vn -0.3978 -0.9048 -0.1520
vn -0.2644 -0.8653 -0.4259
vn -0.9681 -0.2446 -0.0538
vn -0.8936 -0.4117 -0.1788
vn -0.9177 -0.3540 -0.1804
vn -0.9126 -0.2459 -0.3266
vn -0.8074 -0.2442 -0.5371
vn -0.4316 -0.2603 -0.8637
vn -0.3009 -0.7135 -0.6328
vn -0.7579 -0.4355 -0.4857
vn -0.7413 -0.5392 -0.3997
vn -0.6412 0.7517 -0.1545
vn -0.6360 0.6351 -0.4382
vn -0.9425 0.3205 -0.0944
vn -0.4778 0.0457 -0.8773
vn -0.8745 0.1708 -0.4541
vn -0.8798 0.0819 -0.4682
vn -0.9837 -0.0241 -0.1782
vn -0.9895 -0.1329 -0.0563
vn -0.9909 0.1167 -0.0671
vn -0.9746 0.0997 -0.2007
vn 0.9492 -0.2974 0.1024
vn 0.7146 -0.6828 0.1520
vn 0.5762 -0.6976 0.4259
vn 0.9851 0.0359 0.1685
vn 0.9832 -0.0373 0.1788
vn 0.9371 0.1232 0.3266
vn 0.8393 0.0843 0.5371
vn 0.4984 -0.0748 0.8637
vn 0.5517 -0.5434 0.6328
vn 0.8670 -0.1113 0.4857
vn 0.8914 -0.2135 0.3997
vn 0.3036 0.9402 0.1545
vn 0.3436 0.8306 0.4382
vn 0.7474 0.6577 0.0944
vn 0.4237 0.2256 0.8773
vn 0.7420 0.4932 0.4541
vn 0.7811 0.4132 0.4682
vn 0.9240 0.3442 0.1667
vn 0.8703 0.4880 0.0671
vn 0.8617 0.4660 0.2007
vn 0.6412 -0.7517 -0.1545
vn 0.6360 -0.6351 -0.4382
vn 0.9425 -0.3205 -0.0944
vn 0.4778 -0.0457 -0.8773
vn 0.8745 -0.1708 -0.4541
vn 0.8798 -0.0819 -0.4682
vn 0.9499 0.1296 -0.2844
vn 0.9767 0.1400 -0.1629
vn 0.9909 -0.1167 -0.0671
vn 0.9866 0.0270 -0.1611
vn 0.9746 -0.0997 -0.2007
vn 0.7624 0.6389 -0.1024
vn 0.3978 0.9048 -0.1520
vn 0.2644 0.8653 -0.4259
vn 0.9234 0.3449 -0.1685
vn 0.8936 0.4117 -0.1788
vn 0.7770 0.4163 -0.4721
vn 0.5106 0.2410 -0.8254
vn 0.3009 0.7135 -0.6328
vn 0.7413 0.5392 -0.3997
vn -0.1734 -0.9849 -0.0022
vn -0.7449 -0.6672 -0.0000
vn -0.8967 -0.4426 -0.0000
vn -0.9309 -0.3652 -0.0001
vn -0.9732 -0.2301 0.0007
vn -0.4342 -0.0866 0.8966
vn -0.8449 -0.1694 0.5074
vn -0.9382 -0.1877 0.2907
vn -0.9645 -0.1929 0.1802
vn -0.5380 0.8429 0.0022
vn -0.9796 -0.1947 0.0508
vn -0.9439 0.3303 -0.0000
vn -0.9979 0.0646 -0.0000
vn -0.9998 -0.0200 0.0001
vn -0.9870 -0.1610 -0.0007
vn -0.8377 -0.1667 -0.5200
vn -0.9384 -0.1866 -0.2907
vn -0.9647 -0.1920 -0.1802
vn 0.1710 -0.8676 -0.4670
vn -0.9793 -0.1961 -0.0508
vn 0.1250 -0.6283 -0.7678
vn 0.0965 -0.4771 -0.8735
vn 0.0145 -0.1085 -0.9940
vn -0.1710 0.8676 -0.4670
vn -0.1250 0.6283 -0.7678
vn -0.0888 0.4583 -0.8843
vn 0.9659 0.1932 -0.1722
vn 0.9287 0.1859 -0.3208
vn 0.8628 0.1723 -0.4752
vn 0.3414 0.0700 -0.9373
vn 0.5380 -0.8429 0.0022
vn 0.9439 -0.3303 -0.0000
vn 0.9979 -0.0646 -0.0000
vn 0.9998 0.0200 0.0001
vn 0.1734 0.9849 -0.0022
vn 0.7449 0.6672 -0.0000
vn 0.8967 0.4426 -0.0000
vn 0.9309 0.3652 -0.0001
vn 0.8376 0.1675 0.5200
vn 0.9382 0.1877 0.2907
vn 0.9633 0.1923 0.1872
vn 0.1750 -0.8668 0.4670
vn 0.1256 -0.6282 0.7678
vn 0.0940 -0.4776 0.8735
vn 0.0282 -0.1058 0.9940
vn -0.1750 0.8668 0.4670
vn -0.1256 0.6282 0.7678
vn -0.0940 0.4776 0.8735
vn -0.0288 0.1442 0.9891
vn 0.1956 -0.9807 -0.0000
vn -0.9807 -0.1956 -0.0000
vn 0.0070 -0.0007 1.0000
vn -0.1956 0.9807 -0.0000
vn -0.0001 -0.0000 -1.0000
vn 0.9494 0.1893 0.2505
vn 0.9804 0.1955 -0.0243
vn 0.9056 0.4241 0.0001
vn 0.9849 0.1733 -0.0000
vn 0.9994 -0.0355 -0.0001
vn 0.9768 0.2141 -0.0000
vn 0.9500 0.1897 -0.2482
vn 0.9805 0.1956 0.0199
vn 0.9401 0.1873 -0.2848
vn 0.8928 0.4504 -0.0002
vn 0.9973 -0.0737 -0.0003
vn 0.9409 0.1875 0.2821
vn 0.9807 0.1956 -0.0000
vn 0.0064 0.0013 1.0000
vn 0.0065 0.0013 -1.0000
vn -0.1893 0.9819 -0.0000
vn 0.2031 -0.9792 -0.0000
vn -0.3036 -0.9402 0.1545
vn -0.3089 -0.6645 0.6804
vn -0.7298 -0.6144 0.2999
vn -0.7427 -0.5303 0.4089
vn -0.8248 -0.2611 0.5015
vn -0.3598 -0.4721 0.8048
vn -0.9174 -0.3556 0.1787
vn -0.9041 -0.3511 0.2436
vn -0.5557 0.2977 0.7763
vn -0.4984 0.0748 0.8637
vn -0.8393 -0.0843 0.5371
vn -0.6412 0.7517 0.1545
vn -0.8956 0.2577 0.3625
vn -0.9246 0.2674 0.2715
vn -0.9952 0.0747 0.0630
vn -0.9976 -0.0416 0.0562
vn -0.9812 -0.0331 0.1902
vn -0.9519 0.0015 0.3065
vn -0.7512 -0.6017 -0.2715
vn -0.3979 -0.9048 -0.1520
vn -0.9179 -0.3536 -0.1799
vn -0.8967 -0.3471 -0.2746
vn -0.7503 -0.4254 -0.5060
vn -0.7077 -0.5583 -0.4330
vn -0.5403 0.4951 -0.6804
vn -0.9097 0.2873 -0.2999
vn -0.8893 0.2047 -0.4089
vn -0.8619 -0.0754 -0.5015
vn -0.9416 -0.1197 -0.3146
vn -0.5134 0.2978 -0.8048
vn -0.9879 -0.1456 -0.0538
vn -0.9656 -0.0074 -0.2600
vn -0.9763 -0.1411 -0.1643
vn -0.9855 -0.0164 -0.1688
vn 0.9246 -0.2674 0.2715
vn 0.6520 -0.7334 0.1922
vn 0.9952 -0.0747 0.0630
vn 0.9975 0.0422 0.0567
vn 0.9834 0.0429 0.1763
vn 0.9519 -0.0015 0.3065
vn 0.5557 -0.2977 0.7763
vn 0.8956 -0.2577 0.3625
vn 0.3089 0.6645 0.6804
vn 0.7298 0.6144 0.2999
vn 0.7427 0.5303 0.4089
vn 0.8248 0.2611 0.5015
vn 0.3598 0.4721 0.8048
vn 0.9233 0.3454 0.1680
vn 0.9041 0.3511 0.2436
vn 0.5403 -0.4951 -0.6804
vn 0.9097 -0.2873 -0.2999
vn 0.8893 -0.2047 -0.4089
vn 0.8619 0.0754 -0.5015
vn 0.5134 -0.2978 -0.8048
vn 0.9852 0.0361 -0.1673
vn 0.9696 0.0227 -0.2436
vn 0.7512 0.6017 -0.2715
vn 0.3979 0.9048 -0.1520
vn 0.9233 0.3451 -0.1687
vn 0.8952 0.3438 -0.2836
vn 0.4237 0.2256 -0.8773
vn 0.7690 0.4090 -0.4912
vn 0.7077 0.5583 -0.4330
vn -0.7638 -0.6455 -0.0009
vn -0.8895 -0.4570 -0.0006
vn -0.8232 -0.1639 0.5436
vn -0.9430 -0.1881 0.2744
vn -0.6299 0.7767 -0.0000
vn -0.9530 0.3030 0.0009
vn -0.9955 0.0953 -0.0000
vn -0.9994 -0.0344 -0.0005
vn -0.9889 -0.1487 -0.0000
vn -0.8231 -0.1646 -0.5436
vn -0.9386 -0.1879 -0.2894
vn -0.9659 -0.1932 -0.1722
vn -0.9794 -0.1954 -0.0508
vn 0.1627 -0.8386 -0.5199
vn 0.1322 -0.6887 -0.7129
vn 0.0843 -0.4559 -0.8860
vn -0.1627 0.8386 -0.5199
vn -0.1322 0.6887 -0.7129
vn -0.0843 0.4559 -0.8860
vn -0.0288 0.1442 -0.9891
vn 0.9634 0.1920 -0.1872
vn 0.9393 0.1879 -0.2872
vn 0.8494 0.1705 -0.4995
vn 0.4342 0.0866 -0.8966
vn 0.9464 -0.3230 0.0016
vn 0.6299 -0.7767 -0.0021
vn 0.9955 -0.0953 -0.0000
vn 0.9994 0.0344 -0.0005
vn 0.7638 0.6455 -0.0009
vn 0.8895 0.4570 -0.0006
vn 0.8232 0.1639 0.5436
vn 0.9430 0.1881 0.2744
vn 0.2010 -0.9714 0.1261
vn 0.1666 -0.8283 0.5350
vn 0.1417 -0.7117 0.6880
vn 0.0844 -0.4229 0.9022
vn -0.1929 0.9670 0.1665
vn -0.1666 0.8283 0.5350
vn -0.1417 0.7117 0.6880
vn -0.0844 0.4229 0.9022
vn -0.0282 0.1058 0.9940
vn -0.9805 -0.1963 0.0007
vn -0.0000 -0.0000 1.0000
vn -0.1886 0.9820 -0.0023
vn -0.0062 -0.0033 -1.0000
vn 0.9500 0.1894 0.2482
vn 0.9804 0.1957 -0.0221
vn 0.9093 0.4162 0.0001
vn 0.9842 0.1772 -0.0000
vn 0.9990 -0.0441 -0.0001
vn 0.9760 0.2178 -0.0000
vn 0.9494 0.1895 -0.2505
vn 0.9804 0.1956 0.0220
vn 0.9408 0.1879 -0.2822
vn 0.8926 0.4508 0.0003
vn 0.9974 -0.0722 -0.0003
vn 0.9399 0.1877 0.2852
vn 0.0065 0.0013 1.0000
vn 0.0064 0.0012 -1.0000
vn -0.1882 0.9821 -0.0000
vn 0.2020 -0.9794 -0.0000
vn -0.4236 -0.2256 0.8773
vn -0.3598 -0.4720 0.8048
vn -0.7504 -0.6026 -0.2714
vn -0.8903 -0.4509 -0.0630
vn -0.8683 -0.4552 -0.1970
vn -0.9524 -0.2507 -0.1735
vn -0.9221 -0.2502 -0.2953
vn -0.9372 -0.3444 -0.0562
vn -0.8584 -0.3806 -0.3439
vn -0.7566 -0.4341 -0.4890
vn -0.5760 0.5144 -0.6352
vn -0.8901 0.1686 -0.4234
vn -0.8883 0.0592 -0.4555
vn 0.9974 0.0429 0.0574
vn 0.9832 0.0421 0.1774
vn 0.4236 0.2256 0.8773
vn 0.3598 0.4720 0.8048
vn 0.9232 0.3455 0.1681
vn 0.5760 -0.5144 -0.6352
vn 0.8901 -0.1686 -0.4234
vn 0.8883 -0.0592 -0.4555
vn 0.9853 0.0367 -0.1667
vn 0.7505 0.6026 -0.2714
vn 0.8903 0.4509 -0.0630
vn 0.8683 0.4552 -0.1970
vn 0.9524 0.2524 -0.1709
vn 0.9221 0.2502 -0.2953
vn 0.9380 0.3416 -0.0588
vn 0.4236 0.2256 -0.8773
vn 0.8584 0.3806 -0.3439
vn 0.8144 0.2513 -0.5231
vn 0.7566 0.4341 -0.4890
vn -0.8827 -0.4700 -0.0000
vn -0.9361 -0.3517 0.0005
vn -0.9332 -0.1849 -0.3082
vn -0.9666 -0.1919 -0.1699
vn 0.1606 -0.8527 -0.4970
vn 0.1238 -0.6693 -0.7326
vn 0.0843 -0.4472 -0.8904
vn -0.1606 0.8527 -0.4970
vn -0.1238 0.6693 -0.7326
vn -0.0843 0.4472 -0.8904
vn 0.9655 0.1919 -0.1757
vn 0.9332 0.1849 -0.3082
vn 0.8452 0.1678 -0.5074
vn 0.9530 -0.3030 0.0009
vn 0.8827 0.4700 -0.0000
vn 0.9361 0.3517 0.0005
vn 0.1716 -0.8368 0.5199
vn -0.1716 0.8368 0.5199
vn 0.9499 0.1893 0.2487
vn 0.9805 0.1957 -0.0187
vn 0.9078 0.4194 0.0002
vn 0.9845 0.1753 0.0001
vn 0.9992 -0.0403 -0.0001
vn 0.9766 0.2152 -0.0001
vn 0.9500 0.1897 -0.2480
vn 0.9804 0.1955 0.0249
vn 0.9426 0.1878 -0.2760
vn 0.8927 0.4507 0.0003
vn 0.9974 -0.0720 0.0002
vn 0.9373 0.1873 0.2940
vn -0.1887 0.9820 -0.0000
vn 0.2026 -0.9793 -0.0000
vn -0.5195 0.2991 0.8004
vn -0.5640 0.0267 0.8254
vn 0.9427 -0.3201 0.0935
vn 0.9118 -0.2837 0.2969
vn 0.9848 0.0387 0.1692
vn 0.9229 0.3461 0.1688
vn 0.9974 0.0432 -0.0573
vn 0.9836 0.0431 -0.1752
vn 0.9686 -0.1325 -0.2101
vn 0.9524 0.2534 -0.1694
vn 0.9377 0.3427 -0.0578
vn -0.3421 -0.0663 0.9373
vn -0.8299 -0.1656 0.5328
vn -0.0776 0.4306 -0.8992
vn 0.9568 -0.2907 -0.0013
vn 0.9996 0.0294 0.0008
vn -0.0844 0.4079 0.9091
vn 0.0001 -0.0000 1.0000
vn 0.9804 0.1955 -0.0221
vn 0.9845 0.1753 -0.0001
vn 0.9992 -0.0389 -0.0002
vn 0.9764 0.2159 0.0001
vn 0.9804 0.1957 0.0221
vn 0.9404 0.1878 -0.2836
vn 0.8920 0.4521 -0.0002
vn 0.9972 -0.0752 0.0002
vn 0.9405 0.1874 0.2836
vn -0.2942 -0.8526 0.4319
vn -0.7602 -0.5969 0.2565
vn -0.7453 -0.5081 0.4317
vn -0.9371 -0.3445 0.0557
vn -0.9183 -0.3475 0.1895
vn -0.7477 -0.6574 -0.0935
vn -0.7497 -0.6026 -0.2736
vn -0.9181 -0.3520 -0.1821
vn -0.8785 -0.3666 -0.3065
vn -0.3990 -0.4881 -0.7763
vn -0.3381 -0.6741 -0.6568
vn -0.7481 -0.5555 -0.3630
vn -0.8777 0.2113 -0.4300
vn -0.9765 -0.1458 -0.1587
vn -0.9908 0.1175 -0.0672
vn -0.9854 -0.0171 -0.1696
vn 0.9269 -0.2642 0.2665
vn 0.9768 0.1397 0.1622
vn 0.9974 0.0433 0.0578
vn 0.9853 0.0369 0.1669
vn 0.9407 -0.0125 0.3391
vn 0.8968 -0.2536 0.3626
vn 0.3345 0.6961 0.6352
vn 0.7573 0.4973 0.4234
vn 0.8148 0.2506 0.5228
vn 0.7794 0.4149 0.4694
vn 0.9232 0.3468 0.1656
vn 0.8777 -0.2113 -0.4300
vn 0.9852 0.0354 -0.1680
vn 0.8768 0.3608 -0.3178
vn 0.3990 0.4881 -0.7763
vn 0.4316 0.2603 -0.8637
vn 0.7282 0.5816 -0.3625
vn -0.7720 -0.6356 0.0013
vn -0.9343 -0.3564 -0.0008
vn -0.9957 0.0931 -0.0001
vn -0.9995 -0.0306 -0.0007
vn -0.9669 -0.1932 -0.1667
vn 0.1730 -0.8545 -0.4897
vn 0.1439 -0.6725 -0.7259
vn 0.0968 -0.4525 -0.8865
vn -0.1431 0.6939 -0.7058
vn -0.0968 0.4525 -0.8865
vn -0.0145 0.1085 -0.9940
vn 0.8417 0.1695 -0.5126
vn 0.4346 0.0846 -0.8966
vn 0.8442 0.1667 0.5095
vn 0.9338 0.1863 0.3055
vn 0.9650 0.1933 0.1774
vn 0.1793 -0.8472 0.5001
vn 0.1339 -0.6710 0.7293
vn 0.0843 -0.4586 0.8846
vn -0.1789 0.8491 0.4970
vn -0.1422 0.6887 0.7110
vn -0.0000 -0.0000 -1.0000
vn 0.9485 0.1892 0.2541
vn 0.9804 0.1956 -0.0243
vn 0.9842 0.1773 -0.0000
vn 0.9993 -0.0361 -0.0000
vn 0.9759 0.2181 -0.0000
vn 0.9509 0.1898 -0.2446
vn 0.9805 0.1956 0.0200
vn 0.9403 0.1878 -0.2837
vn 0.8922 0.4517 -0.0002
vn 0.9405 0.1878 0.2833
vn 0.0059 0.0012 1.0000
vn 0.0070 0.0014 -1.0000
vn -0.3345 -0.6961 0.6352
vn -0.7573 -0.4973 0.4234
vn -0.7976 -0.3955 0.4555
vn -0.9197 -0.3455 0.1865
vn -0.8436 -0.4941 0.2101
vn -0.9492 0.2975 0.1024
vn -0.8925 -0.4134 -0.1806
vn -0.9181 -0.3520 -0.1822
vn -0.3567 -0.4724 -0.8060
vn -0.7786 -0.4146 -0.4709
vn -0.7370 -0.5611 -0.3768
vn -0.9499 -0.1296 -0.2844
vn -0.9853 -0.0146 -0.1701
vn 0.7146 -0.6829 0.1520
vn 0.9919 -0.1048 0.0716
vn 0.9795 -0.0538 0.1940
vn 0.9852 0.0363 0.1675
vn 0.8752 -0.0916 0.4750
vn 0.7612 0.4334 0.4824
vn 0.8765 -0.1705 -0.4502
vn 0.8486 0.0813 -0.5228
vn 0.8714 -0.1028 -0.4796
vn 0.9855 0.0331 -0.1665
vn 0.9556 0.2464 -0.1615
vn 0.9215 0.3531 -0.1615
vn 0.7730 0.4204 -0.4750
vn -0.8376 -0.1675 0.5200
vn -0.9338 -0.1863 -0.3055
vn 0.1596 -0.8511 -0.5001
vn 0.1339 -0.6710 -0.7293
vn 0.0981 -0.4558 -0.8846
vn -0.0965 0.4771 -0.8735
vn 0.9653 0.1918 -0.1774
vn 0.9338 0.1863 -0.3055
vn 0.8435 0.1700 -0.5095
vn 0.9968 -0.0793 -0.0007
vn 0.1347 -0.6485 0.7492
vn 0.0937 -0.4453 0.8904
vn 0.9804 0.1956 -0.0241
vn 0.9765 0.2157 -0.0000
vn -0.3599 -0.4720 0.8048
vn -0.9919 0.1048 0.0716
vn -0.9795 0.0538 0.1940
vn -0.9815 -0.0344 0.1883
vn -0.7505 -0.6026 -0.2714
vn -0.9425 0.3206 -0.0944
vn 0.9492 -0.2975 0.1024
vn 0.9851 0.0359 0.1684
vn 0.8837 -0.2356 0.4044
vn 0.9237 0.3447 0.1673
vn 0.5760 -0.5145 -0.6352
vn 0.9425 -0.3206 -0.0944
vn 0.9852 0.0358 -0.1676
vn 0.7504 0.6027 -0.2714
vn 0.9524 0.2529 -0.1702
vn 0.9375 0.3431 -0.0574
vn 0.8074 0.2442 -0.5371
vn -0.9968 0.0793 -0.0007
vn 0.8377 0.1667 -0.5200
vn 0.1789 -0.8491 0.4970
vn 0.1425 -0.6656 0.7326
vn -0.1681 0.8555 0.4897
vn -0.1339 0.6710 0.7293
vn -0.0937 0.4453 0.8904
vn 0.9501 0.1894 0.2480
vn 0.9804 0.1957 -0.0249
vn 0.9828 0.1849 0.0003
vn 0.8329 0.5534 0.0016
vn 0.9764 0.2160 -0.0001
vn 0.9807 0.1953 0.0092
vn 0.9452 0.1898 -0.2657
vn 0.9374 0.1867 -0.2940
vn 0.8934 0.4492 -0.0002
vn 0.9973 -0.0736 -0.0003
vn 0.9425 0.1883 0.2760
vn 0.0042 0.0011 -1.0000
vn -0.1909 0.9816 -0.0003
vn -0.8148 -0.2506 0.5228
vn -0.3599 -0.4721 0.8048
vn -0.7794 -0.4149 0.4694
vn -0.9172 -0.3572 0.1765
vn -0.8752 0.0916 0.4750
vn -0.9762 -0.1415 0.1645
vn -0.9834 -0.0243 0.1797
vn -0.7661 -0.5924 -0.2493
vn -0.3989 -0.4881 -0.7763
vn -0.9836 -0.0236 -0.1787
vn -0.9696 -0.0227 -0.2436
vn 0.9767 0.1401 0.1627
vn 0.9864 0.0268 0.1621
vn 0.9232 0.3468 0.1657
vn 0.9768 0.1397 -0.1625
vn 0.9867 0.0289 -0.1597
vn 0.7661 0.5924 -0.2493
vn 0.9379 0.3420 -0.0585
vn 0.9245 0.3379 -0.1766
vn 0.3381 0.6741 -0.6568
vn -0.1734 -0.9848 -0.0022
vn 0.7481 0.5555 -0.3630
vn -0.8442 -0.1667 0.5095
vn -0.9338 -0.1863 0.3055
vn -0.9660 -0.1938 0.1713
vn -0.9430 -0.1882 -0.2744
vn 0.1346 -0.6510 -0.7470
vn 0.0146 -0.1085 -0.9940
vn -0.1730 0.8545 -0.4897
vn -0.1439 0.6726 -0.7259
vn 0.8548 0.1713 -0.4899
vn -0.1347 0.6485 0.7492
vn 0.9805 0.1956 -0.0201
vn 0.9071 0.4210 -0.0000
vn 0.9846 0.1751 0.0001
vn 0.9992 -0.0407 -0.0000
vn 0.9764 0.2160 -0.0000
vn 0.9804 0.1956 0.0243
vn 0.9405 0.1874 -0.2833
vn 0.9973 -0.0729 0.0002
vn 0.9400 0.1877 0.2848
vn -0.1888 0.9820 0.0001
vn 0.2025 -0.9793 -0.0001
vn -0.7612 -0.4334 0.4825
vn 0.9851 0.0363 0.1679
vn 0.9832 -0.0372 0.1788
vn 0.7976 0.3955 0.4555
vn 0.8758 0.4774 -0.0716
vn 0.8839 0.4255 -0.1940
vn 0.9253 0.3366 -0.1745
vn -0.1244 0.6505 -0.7492
vn 0.8901 0.4558 0.0007
vn 0.9803 0.1954 -0.0273
vn 0.9519 0.1887 0.2416
vn 0.9079 0.4192 0.0002
vn 0.9846 0.1746 -0.0001
vn 0.9759 0.2184 0.0003
vn 0.9691 -0.2467 -0.0015
vn 0.9942 0.1072 -0.0006
vn 0.9496 0.1895 -0.2496
vn 0.9804 0.1958 0.0214
vn 0.9403 0.1878 -0.2840
vn 0.8955 0.4451 -0.0003
vn 0.9965 -0.0835 0.0003
vn 0.0044 0.0006 1.0000
vn 0.2004 -0.9797 0.0003
vn -0.3090 -0.6645 0.6804
vn -0.7278 -0.6173 0.2988
vn -0.7995 -0.3959 0.4517
vn -0.8908 -0.3546 0.2841
vn -0.9337 -0.3525 0.0635
vn -0.8850 -0.4604 0.0696
vn -0.8390 -0.4978 0.2198
vn -0.9833 -0.0257 0.1799
vn -0.9188 -0.3460 -0.1902
vn -0.7282 -0.5816 -0.3625
vn 0.5762 -0.6975 0.4259
vn 0.9348 -0.2531 0.2493
vn 0.9835 0.0435 0.1755
vn 0.5709 -0.4927 0.6568
vn 0.9040 -0.2259 0.3630
vn 0.7278 0.6173 0.2988
vn 0.7995 0.3959 0.4517
vn 0.8908 0.3546 0.2841
vn 0.9345 0.3499 0.0656
vn 0.8850 0.4604 0.0696
vn 0.8390 0.4978 0.2198
vn 0.6361 -0.6351 -0.4382
vn 0.5135 -0.2978 -0.8048
vn 0.7504 0.6026 -0.2714
vn 0.8750 0.4471 -0.1855
vn 0.9524 0.2521 -0.1714
vn -0.8747 -0.4847 -0.0007
vn -0.9397 -0.3420 -0.0000
vn -0.9967 0.0807 0.0006
vn 0.1330 -0.6905 -0.7110
vn 0.0844 -0.4229 -0.9022
vn -0.1245 0.6474 -0.7519
vn 0.1734 0.9848 -0.0022
vn 0.8814 0.4724 -0.0013
vn 0.9349 0.3549 -0.0007
vn 0.1681 -0.8555 0.4897
vn 0.1329 -0.6929 0.7087
vn 0.9807 0.1954 -0.0124
vn 0.9012 0.1784 0.3950
vn 0.9826 0.1856 -0.0003
vn 0.9133 0.4073 0.0011
vn 0.9750 0.2222 -0.0001
vn 0.9993 -0.0366 -0.0013
vn 0.9803 0.1955 0.0266
vn 0.8733 0.1758 -0.4544
vn 0.9761 0.1952 -0.0951
vn 0.9430 0.1883 -0.2745
vn 0.8880 0.4598 -0.0003
vn 0.9979 -0.0655 0.0003
vn 0.9381 0.1874 0.2914
vn 0.0045 0.0012 1.0000
vn 0.0045 0.0006 -1.0000
vn -0.1906 0.9817 0.0004
vn 0.2003 -0.9797 -0.0003
vn -0.5709 0.4927 0.6568
vn -0.5689 0.7044 0.4245
vn -0.9040 0.2259 0.3630
vn -0.7176 0.6798 0.1515
vn -0.9348 0.2531 0.2493
vn -0.9854 -0.0181 0.1694
vn -0.9407 0.0125 0.3391
vn -0.2644 -0.8652 -0.4259
vn -0.8768 -0.3608 -0.3178
vn 0.7145 -0.6829 0.1520
vn 0.9770 0.1392 0.1615
vn 0.9852 0.0362 0.1676
vn 0.5708 -0.4927 0.6568
vn 0.7178 0.6323 0.2913
vn 0.7081 0.5554 0.4360
vn 0.8809 0.4392 0.1763
vn 0.6411 -0.7517 -0.1545
vn 0.9853 0.0369 -0.1665
vn 0.9232 0.3451 -0.1688
vn -0.5433 0.8395 0.0021
vn -0.8548 -0.1713 -0.4899
vn -0.1346 0.6510 -0.7470
vn -0.1673 0.8540 0.4926
vn -0.1251 0.6795 0.7230
vn -0.0843 0.4550 0.8865
vn 0.9497 0.1894 0.2496
vn 0.9805 0.1956 -0.0214
vn 0.9090 0.4167 0.0001
vn 0.9840 0.1783 -0.0000
vn 0.9990 -0.0439 -0.0001
vn 0.9758 0.2185 -0.0000
vn 0.8892 0.4575 0.0002
vn 0.9980 -0.0635 -0.0002
vn 0.9402 0.1878 0.2841
vn -0.7787 -0.4145 0.4709
vn -0.8953 -0.3581 0.2647
vn -0.5516 0.5434 0.6328
vn -0.9850 -0.0151 0.1718
vn 0.9232 0.3456 0.1682
vn 0.9090 -0.2907 -0.2988
vn 0.8902 -0.0588 -0.4517
vn 0.9558 0.0028 -0.2940
vn 0.9972 0.0352 -0.0653
vn 0.9939 -0.0856 -0.0696
vn 0.9771 0.1387 -0.1613
vn 0.9658 -0.1377 -0.2198
vn 0.9233 0.3450 -0.1687
vn 0.1432 -0.6909 -0.7087
vn 0.9937 -0.1120 0.0007
vn 0.9990 0.0447 -0.0000
vn 0.9805 0.1955 -0.0213
vn 0.9840 0.1783 -0.0001
vn 0.9758 0.2185 0.0001
vn 0.9804 0.1957 0.0223
vn 0.9978 -0.0661 0.0003
vn 0.9409 0.1879 0.2819
vt 0.150394 0.750000
vt 0.144816 0.735588
vt 0.157541 0.736583
vt 0.147217 0.727841
vt 0.138841 0.727472
vt 0.400900 1.000000
vt 0.397217 0.977841
vt 0.407541 0.977517
vt 0.375000 0.974606
vt 0.397483 0.967459
vt 0.400394 0.013720
vt 0.375000 0.007822
vt 0.400900 0.000000
vt 0.375000 0.025900
vt 0.397159 0.022217
vt 0.397484 0.032541
vt 0.407541 0.024642
vt 0.611290 0.974100
vt 0.602841 0.977783
vt 0.602517 0.967459
vt 0.611280 0.025394
vt 0.625000 0.019816
vt 0.625000 0.032541
vt 0.852841 0.727783
vt 0.875000 0.730184
vt 0.852472 0.750000
vt 0.599100 0.013710
vt 0.602783 0.022159
vt 0.592459 0.022484
vt 0.602517 0.032541
vt 0.602472 0.000000
vt 0.609677 0.007501
vt 0.125000 0.525394
vt 0.139412 0.519816
vt 0.138417 0.532541
vt 0.147159 0.522217
vt 0.147528 0.513841
vt 0.400900 0.236290
vt 0.397217 0.227841
vt 0.407541 0.227517
vt 0.375000 0.224606
vt 0.397483 0.217459
vt 0.397528 0.263841
vt 0.375000 0.250320
vt 0.375000 0.275900
vt 0.397159 0.272217
vt 0.397484 0.282541
vt 0.611280 0.275394
vt 0.625000 0.260149
vt 0.625000 0.282541
vt 0.852783 0.522159
vt 0.860984 0.505800
vt 0.875000 0.522528
vt 0.599100 0.263710
vt 0.602783 0.272159
vt 0.592459 0.272484
vt 0.602517 0.282541
vt 0.599606 0.236280
vt 0.609677 0.246464
vt 0.611290 0.224100
vt 0.602841 0.227783
vt 0.602517 0.217459
vt 0.592459 0.225358
vt 0.388720 0.724606
vt 0.360588 0.730184
vt 0.361583 0.717459
vt 0.352841 0.727783
vt 0.352472 0.736159
vt 0.400900 0.736290
vt 0.398609 0.726414
vt 0.407541 0.727517
vt 0.397483 0.717459
vt 0.397528 0.763841
vt 0.375375 0.746410
vt 0.362050 0.762950
vt 0.397159 0.772217
vt 0.397484 0.782541
vt 0.611280 0.775394
vt 0.634908 0.759908
vt 0.641271 0.766271
vt 0.647217 0.727841
vt 0.638841 0.727472
vt 0.599100 0.763710
vt 0.602783 0.772159
vt 0.592459 0.772484
vt 0.602517 0.782541
vt 0.599606 0.736280
vt 0.609677 0.753033
vt 0.611290 0.724100
vt 0.601314 0.726294
vt 0.602517 0.717459
vt 0.592459 0.727516
vt 0.362303 0.487303
vt 0.355184 0.514412
vt 0.342459 0.513417
vt 0.352783 0.522159
vt 0.361159 0.522528
vt 0.400900 0.486290
vt 0.397217 0.477841
vt 0.407541 0.477517
vt 0.397483 0.467459
vt 0.397528 0.513841
vt 0.375718 0.504071
vt 0.388710 0.525900
vt 0.398481 0.523506
vt 0.397484 0.532541
vt 0.611280 0.525394
vt 0.636512 0.511116
vt 0.638417 0.532541
vt 0.647159 0.522217
vt 0.636264 0.488736
vt 0.599100 0.513710
vt 0.601387 0.523591
vt 0.592459 0.522484
vt 0.602517 0.532541
vt 0.599606 0.486280
vt 0.609677 0.496464
vt 0.611290 0.474100
vt 0.602841 0.477783
vt 0.600058 0.467459
vt 0.592459 0.477516
vt 0.407541 0.274642
vt 0.592459 0.282541
vt 0.157541 0.524642
vt 0.342459 0.522484
vt 0.342459 0.532541
vt 0.657541 0.524642
vt 0.842459 0.522484
vt 0.842459 0.532541
vt 0.407541 0.774642
vt 0.592459 0.782541
vt 0.342459 0.725358
vt 0.157541 0.727517
vt 0.157541 0.717459
vt 0.842459 0.725358
vt 0.657541 0.727517
vt 0.657541 0.717459
vt 0.150900 0.736290
vt 0.400394 0.013720
vt 0.389016 0.000000
vt 0.407541 0.000000
vt 0.389016 0.994200
vt 0.375000 0.977472
vt 0.375000 0.025900
vt 0.407541 0.024642
vt 0.132822 0.734677
vt 0.125000 0.724100
vt 0.625000 0.974606
vt 0.610588 0.985984
vt 0.611583 0.967459
vt 0.602472 1.000000
vt 0.875000 0.724100
vt 0.852517 0.717459
vt 0.849606 0.750000
vt 0.842459 0.727516
vt 0.611159 0.022528
vt 0.617178 0.015323
vt 0.625000 0.025900
vt 0.599100 0.013710
vt 0.138710 0.525900
vt 0.147484 0.532541
vt 0.150394 0.513720
vt 0.125000 0.525394
vt 0.132501 0.515323
vt 0.400900 0.236290
vt 0.375000 0.224606
vt 0.375000 0.275362
vt 0.849100 0.500000
vt 0.605184 0.261926
vt 0.611159 0.272528
vt 0.611290 0.224100
vt 0.625000 0.227472
vt 0.617499 0.237284
vt 0.361290 0.724100
vt 0.350058 0.717459
vt 0.349606 0.736280
vt 0.342459 0.727516
vt 0.388841 0.727472
vt 0.371967 0.734677
vt 0.400900 0.736290
vt 0.398613 0.726410
vt 0.365092 0.759908
vt 0.358729 0.766271
vt 0.637950 0.762950
vt 0.599606 0.736280
vt 0.605184 0.764413
vt 0.592459 0.763417
vt 0.611159 0.772528
vt 0.601410 0.726387
vt 0.621410 0.749626
vt 0.349100 0.513710
vt 0.400394 0.513720
vt 0.386116 0.488488
vt 0.407541 0.486583
vt 0.363736 0.488736
vt 0.388710 0.525900
vt 0.398686 0.523706
vt 0.407541 0.522484
vt 0.371464 0.515323
vt 0.638710 0.525900
vt 0.647484 0.532541
vt 0.637697 0.487303
vt 0.657541 0.524642
vt 0.620929 0.500718
vt 0.601494 0.523481
vt 0.611266 0.474638
vt 0.602517 0.467459
vt 0.599606 0.486280
vt 0.592459 0.975358
vt 0.407541 0.967459
vt 0.407541 0.274642
vt 0.150900 0.736290
vt 0.400394 0.013720
vt 0.389016 0.000000
vt 0.389016 0.994199
vt 0.375000 0.025900
vt 0.407541 0.024642
vt 0.132822 0.734677
vt 0.625000 0.974606
vt 0.610588 0.985984
vt 0.617178 0.015323
vt 0.625000 0.025900
vt 0.599100 0.013710
vt 0.138710 0.525900
vt 0.150394 0.513720
vt 0.389016 0.235588
vt 0.375000 0.227472
vt 0.375000 0.275900
vt 0.140323 0.507822
vt 0.150900 0.500000
vt 0.860984 0.505800
vt 0.609677 0.246464
vt 0.611290 0.224100
vt 0.592459 0.225358
vt 0.352517 0.717459
vt 0.349606 0.736280
vt 0.400900 0.736290
vt 0.398506 0.726519
vt 0.365092 0.759908
vt 0.599606 0.736280
vt 0.605184 0.764413
vt 0.601402 0.726380
vt 0.400900 0.486290
vt 0.375718 0.504071
vt 0.398686 0.523706
vt 0.638710 0.525900
vt 0.637697 0.487303
vt 0.601406 0.523571
vt 0.605184 0.511926
vt 0.611159 0.522528
vt 0.611290 0.474100
vt 0.621409 0.488588
vt 0.592459 0.975358
vt 0.407541 0.774642
vt 0.150900 0.736290
vt 0.389016 0.000000
vt 0.389016 0.994200
vt 0.375000 0.025900
vt 0.132822 0.734677
vt 0.125000 0.724100
vt 0.610588 0.985984
vt 0.849606 0.750000
vt 0.617178 0.015323
vt 0.625000 0.025900
vt 0.599100 0.013710
vt 0.138710 0.525900
vt 0.150394 0.513720
vt 0.157541 0.524642
vt 0.389016 0.235588
vt 0.375000 0.275900
vt 0.140323 0.507822
vt 0.150900 0.500000
vt 0.860984 0.505800
vt 0.599100 0.263710
vt 0.599606 0.236280
vt 0.609677 0.246464
vt 0.388738 0.725031
vt 0.361142 0.727447
vt 0.342459 0.725358
vt 0.371967 0.734677
vt 0.398706 0.726314
vt 0.605184 0.764412
vt 0.601519 0.726494
vt 0.361262 0.524968
vt 0.352517 0.532541
vt 0.355184 0.514413
vt 0.400900 0.486290
vt 0.400394 0.513720
vt 0.375718 0.504071
vt 0.388858 0.522553
vt 0.388417 0.532541
vt 0.398481 0.523506
vt 0.601294 0.523686
vt 0.605184 0.511926
vt 0.600058 0.467459
vt 0.600059 0.967459
vt 0.149968 0.750000
vt 0.147553 0.736142
vt 0.138738 0.725032
vt 0.147484 0.717459
vt 0.389016 0.000000
vt 0.375000 0.975031
vt 0.389016 0.994200
vt 0.125000 0.727447
vt 0.125000 0.717459
vt 0.132822 0.734677
vt 0.610588 0.985984
vt 0.875000 0.724100
vt 0.849606 0.750000
vt 0.842459 0.725358
vt 0.617178 0.015323
vt 0.625000 0.025900
vt 0.125000 0.524968
vt 0.138858 0.522553
vt 0.132502 0.515323
vt 0.400900 0.236290
vt 0.375000 0.225032
vt 0.375000 0.269816
vt 0.849100 0.500000
vt 0.611280 0.275394
vt 0.605184 0.261926
vt 0.611266 0.224638
vt 0.350032 0.736262
vt 0.371967 0.734677
vt 0.399969 0.763738
vt 0.397553 0.736142
vt 0.407541 0.736583
vt 0.407541 0.774642
vt 0.634908 0.759908
vt 0.600032 0.736262
vt 0.602447 0.763858
vt 0.609677 0.753033
vt 0.349100 0.513710
vt 0.400394 0.513720
vt 0.386116 0.488488
vt 0.362303 0.487303
vt 0.398586 0.523609
vt 0.371464 0.515323
vt 0.638710 0.525900
vt 0.611280 0.525394
vt 0.620929 0.500718
vt 0.610588 0.480184
vt 0.611583 0.467459
vt 0.599606 0.486280
vt 0.592459 0.475358
vt 0.138738 0.725031
vt 0.144816 0.735587
vt 0.375000 0.007822
vt 0.400900 0.000000
vt 0.407541 0.024642
vt 0.611280 0.025394
vt 0.625000 0.019816
vt 0.609677 0.007501
vt 0.139412 0.519816
vt 0.149968 0.513738
vt 0.400900 0.236290
vt 0.375000 0.225032
vt 0.147553 0.500000
vt 0.157541 0.500000
vt 0.625000 0.260149
vt 0.602472 0.236159
vt 0.609677 0.246464
vt 0.360588 0.730184
vt 0.362050 0.762950
vt 0.611280 0.775394
vt 0.609677 0.753033
vt 0.611290 0.724100
vt 0.601409 0.726387
vt 0.362516 0.487516
vt 0.355184 0.514412
vt 0.399969 0.513738
vt 0.397553 0.486142
vt 0.600032 0.486262
vt 0.602447 0.513858
vt 0.592459 0.513417
vt 0.609677 0.496464
vt 0.611290 0.474100
vt 0.592459 0.475358
vt 0.657541 0.524642
vt 0.842459 0.725358
vt 0.144816 0.735588
vt 0.400900 1.000000
vt 0.400394 0.013720
vt 0.375000 0.007822
vt 0.400900 0.000000
vt 0.375000 0.025900
vt 0.611290 0.974100
vt 0.609677 0.007501
vt 0.138710 0.525900
vt 0.150394 0.513720
vt 0.157541 0.524642
vt 0.389016 0.235588
vt 0.140323 0.507822
vt 0.150900 0.500000
vt 0.860984 0.505801
vt 0.609677 0.246464
vt 0.611290 0.224100
vt 0.388720 0.724606
vt 0.360588 0.730184
vt 0.349606 0.736280
vt 0.342459 0.725358
vt 0.398594 0.726429
vt 0.375374 0.746410
vt 0.362050 0.762950
vt 0.599606 0.736280
vt 0.605184 0.764412
vt 0.611290 0.724100
vt 0.601314 0.726294
vt 0.621410 0.749626
vt 0.400900 0.486290
vt 0.400394 0.513720
vt 0.375718 0.504071
vt 0.398598 0.523620
vt 0.657541 0.524642
vt 0.605183 0.511926
vt 0.611290 0.474100
vt 0.621410 0.488588
vt 0.842459 0.725358
vt 0.404689 0.720311
vt 0.403063 0.528063
vt 0.407233 0.532233
vt 0.592739 0.717739
vt 0.407417 0.717583
vt 0.144816 0.735587
vt 0.399968 0.013738
vt 0.397553 0.000000
vt 0.375000 0.007822
vt 0.375000 0.025900
vt 0.611290 0.974100
vt 0.600032 1.000000
vt 0.875000 0.730184
vt 0.600032 0.000000
vt 0.602447 0.013858
vt 0.592459 0.013417
vt 0.609677 0.007501
vt 0.125000 0.525394
vt 0.132502 0.515323
vt 0.375000 0.224606
vt 0.375000 0.269816
vt 0.605184 0.261926
vt 0.592459 0.263417
vt 0.611280 0.275394
vt 0.611290 0.224100
vt 0.617499 0.237284
vt 0.388720 0.724606
vt 0.399968 0.763738
vt 0.398506 0.726519
vt 0.375374 0.746410
vt 0.407541 0.774642
vt 0.609677 0.753033
vt 0.601414 0.726391
vt 0.362303 0.487303
vt 0.355184 0.514413
vt 0.400900 0.486290
vt 0.620929 0.500717
vt 0.601391 0.523586
vt 0.599606 0.486280
vt 0.610588 0.480184
vt 0.842459 0.725358
vt 0.150394 0.750000
vt 0.375000 0.025900
vt 0.407541 0.024642
vt 0.611290 0.974100
vt 0.875000 0.730184
vt 0.609677 0.007501
vt 0.599100 0.263710
vt 0.599606 0.236280
vt 0.611290 0.224100
vt 0.592459 0.225358
vt 0.398716 0.726304
vt 0.599100 0.763710
vt 0.609677 0.753033
vt 0.601535 0.726509
vt 0.636512 0.511115
vt 0.599100 0.513710
vt 0.601294 0.523686
vt 0.609677 0.496464
vt 0.592459 0.475358
vt 0.657541 0.524642
vt 0.594342 0.530658
vt 0.592583 0.532417
vt 0.403141 0.528141
vt 0.598058 0.526942
vt 0.596734 0.721734
vt 0.592767 0.717767
vt 0.150900 0.736290
vt 0.147528 0.750000
vt 0.140323 0.742499
vt 0.400900 1.000000
vt 0.375000 0.019817
vt 0.610588 0.985984
vt 0.875000 0.724100
vt 0.611280 0.025394
vt 0.625000 0.025900
vt 0.138710 0.525900
vt 0.150394 0.513720
vt 0.157541 0.524642
vt 0.125000 0.522528
vt 0.132502 0.515323
vt 0.144816 0.500000
vt 0.611280 0.275394
vt 0.625000 0.260149
vt 0.860984 0.505800
vt 0.609677 0.246464
vt 0.361290 0.724100
vt 0.371967 0.734677
vt 0.398706 0.726314
vt 0.365092 0.759908
vt 0.637950 0.762950
vt 0.620929 0.761572
vt 0.599100 0.763710
vt 0.601501 0.726476
vt 0.610588 0.732670
vt 0.355184 0.514413
vt 0.400394 0.513720
vt 0.388710 0.525900
vt 0.398571 0.523594
vt 0.638710 0.525900
vt 0.601396 0.523581
vt 0.605184 0.511926
vt 0.342459 0.725358
vt 0.404490 0.529490
vt 0.596856 0.528144
vt 0.592767 0.532233
vt 0.407412 0.532412
vt 0.407207 0.717793
vt 0.594342 0.719342
vt 0.592583 0.717583
vt 0.598058 0.723058
vt 0.403042 0.721958
vt 0.144816 0.735587
vt 0.375000 0.007822
vt 0.375000 0.025900
vt 0.407541 0.024642
vt 0.875000 0.724100
vt 0.611280 0.025394
vt 0.625000 0.025900
vt 0.138710 0.525900
vt 0.132502 0.515323
vt 0.400900 0.236290
vt 0.400394 0.263720
vt 0.375000 0.269816
vt 0.609677 0.246464
vt 0.361290 0.724100
vt 0.371967 0.734677
vt 0.399968 0.763738
vt 0.365092 0.759908
vt 0.637681 0.762681
vt 0.611280 0.775394
vt 0.609677 0.753033
vt 0.400394 0.513720
vt 0.375718 0.504071
vt 0.398677 0.523697
vt 0.611280 0.525394
vt 0.601476 0.523499
vt 0.610588 0.480184
vt 0.342459 0.725358
vt 0.842459 0.725052
vt 0.140323 0.742499
vt 0.375000 0.019816
vt 0.611280 0.025394
vt 0.625000 0.019816
vt 0.609677 0.007501
vt 0.132502 0.515323
vt 0.625000 0.260149
vt 0.361290 0.724100
vt 0.371967 0.734677
vt 0.398706 0.726314
vt 0.634908 0.759908
vt 0.609677 0.753033
vt 0.349100 0.513710
vt 0.363588 0.503591
vt 0.386926 0.519816
vt 0.636512 0.511116
vt 0.601380 0.523598
vt 0.609677 0.496464
vt 0.138417 0.717459
vt 0.132501 0.742178
vt 0.375000 0.984677
vt 0.592459 0.977516
vt 0.592459 0.967459
vt 0.592459 1.000000
vt 0.625000 0.967459
vt 0.625000 0.977472
vt 0.609677 1.000000
vt 0.625000 1.000000
vt 0.875000 0.717459
vt 0.842459 0.750000
vt 0.592459 0.032541
vt 0.592459 0.000000
vt 0.157541 0.513417
vt 0.407541 0.217459
vt 0.132822 0.507501
vt 0.407541 0.263417
vt 0.150900 0.500000
vt 0.852517 0.532541
vt 0.842459 0.500000
vt 0.875000 0.532541
vt 0.625000 0.217459
vt 0.342459 0.736583
vt 0.407541 0.763417
vt 0.647483 0.717459
vt 0.638417 0.717459
vt 0.361583 0.532541
vt 0.407541 0.467459
vt 0.407541 0.513417
vt 0.641271 0.483729
vt 0.403243 0.528243
vt 0.596958 0.528042
vt 0.592786 0.532214
vt 0.407261 0.532261
vt 0.407233 0.717767
vt 0.403141 0.721859
vt 0.596859 0.721859
vt 0.407541 0.717459
vt 0.407541 0.532541
vt 0.592459 0.532541
vt 0.592459 0.717459
vt 0.157541 0.750000
vt 0.140323 0.750000
vt 0.407541 1.000000
vt 0.375000 0.967459
vt 0.375000 0.015323
vt 0.842459 0.717459
vt 0.875000 0.734677
vt 0.611583 0.032541
vt 0.609677 0.000000
vt 0.375000 0.234677
vt 0.375000 0.265323
vt 0.140323 0.500000
vt 0.150362 0.500000
vt 0.611583 0.282541
vt 0.625000 0.275900
vt 0.875000 0.515323
vt 0.592459 0.236583
vt 0.592459 0.227516
vt 0.592459 0.217459
vt 0.388417 0.717459
vt 0.611583 0.782541
vt 0.358729 0.483729
vt 0.609677 0.484677
vt 0.592459 0.467459
vt 0.596859 0.528141
vt 0.403141 0.528141
vt 0.407214 0.717786
vt 0.403042 0.721958
vt 0.596757 0.721757
vt 0.592739 0.717739
vt 0.125000 0.532541
vt 0.125000 0.515323
vt 0.407541 0.236583
vt 0.375000 0.217459
vt 0.625000 0.260149
vt 0.611583 0.532541
vt 0.592459 0.486583
vt 0.602472 0.486159
vt 0.596734 0.528266
vt 0.403141 0.528141
vt 0.407233 0.717767
vt 0.403141 0.721859
vt 0.596937 0.721937
vt 0.592767 0.717767
vt 0.407233 0.532233
vt 0.596859 0.721859
vt 0.375000 0.032541
vt 0.375000 0.022553
vt 0.375000 0.282541
vt 0.625000 0.275900
vt 0.596856 0.528144
vt 0.592767 0.532233
vt 0.407261 0.532261
vt 0.403141 0.721859
vt 0.596958 0.721958
vt 0.592786 0.717786
vt 0.132501 0.742178
vt 0.375000 0.272553
vt 0.398706 0.726314
vt 0.407233 0.532233
vt 0.407233 0.717767
vt 0.403141 0.721859
vt 0.592767 0.717767
vt 0.132501 0.742178
vt 0.125000 0.724100
vt 0.625000 0.019816
vt 0.625000 0.260149
vt 0.596757 0.721757
vt 0.132501 0.742178
vt 0.397553 1.000000
vt 0.625000 0.019816
vt 0.144816 0.500000
vt 0.596757 0.721757
vt 0.592739 0.717739
vt 0.625000 0.019816
vt 0.150900 0.500000
vt 0.625000 0.260149
vt 0.403063 0.721937
vt 0.375000 0.000000
vt 0.400900 0.000000
vt 0.125000 0.730183
vt 0.611583 0.717459
vt 0.132501 0.742178
vt 0.144816 0.500000
vt 0.632662 0.757662
vt 0.596937 0.528063
vt 0.403266 0.528266
vt 0.407214 0.717786
vt 0.403042 0.721958
vt 0.125000 0.730184
vt 0.592767 0.532233
vt 0.592739 0.717739
s 0
usemtl Material.016
f 15/1/1 8/2/1 5/3/1
f 7/4/2 8/2/2 10/5/2
f 12/6/3 14/7/3 11/8/3
f 14/7/4 15/9/4 13/10/4
f 20/11/5 21/12/5 12/13/5
f 17/14/6 19/15/6 16/16/6
f 19/15/7 20/11/7 18/17/7
f 25/18/8 27/19/8 24/20/8
f 42/21/9 35/22/9 32/23/9
f 34/24/10 35/25/10 37/26/10
f 39/27/11 41/28/11 38/29/11
f 41/28/12 42/21/12 40/30/12
f 29/31/13 30/32/13 39/27/13
f 55/33/14 48/34/14 45/35/14
f 47/36/15 48/34/15 50/37/15
f 52/38/16 54/39/16 51/40/16
f 54/39/17 55/41/17 53/42/17
f 61/43/18 62/44/18 52/38/18
f 57/45/19 59/46/19 56/47/19
f 76/48/20 69/49/20 66/50/20
f 68/51/21 69/52/21 71/53/21
f 73/54/22 75/55/22 72/56/22
f 75/55/23 76/48/23 74/57/23
f 81/58/24 82/59/24 73/54/24
f 78/60/25 80/61/25 77/62/25
f 80/61/26 81/58/26 79/63/26
f 94/64/27 87/65/27 84/66/27
f 86/67/28 87/65/28 89/68/28
f 91/69/29 93/70/29 90/71/29
f 93/70/30 94/64/30 92/72/30
f 100/73/31 101/74/31 91/69/31
f 96/75/32 98/76/32 95/77/32
f 115/78/33 108/79/33 105/80/33
f 107/81/34 108/79/34 110/82/34
f 112/83/35 114/84/35 111/85/35
f 114/84/36 115/78/36 113/86/36
f 120/87/37 121/88/37 112/83/37
f 117/89/38 119/90/38 116/91/38
f 119/90/39 120/87/39 118/92/39
f 135/93/40 128/94/40 125/95/40
f 127/96/41 128/94/41 130/97/41
f 132/98/42 134/99/42 131/100/42
f 134/99/43 135/93/43 133/101/43
f 141/102/44 142/103/44 132/98/44
f 137/104/45 139/105/45 136/106/45
f 155/107/46 148/108/46 145/109/46
f 147/110/47 148/108/47 150/111/47
f 152/112/48 154/113/48 151/114/48
f 154/113/49 155/107/49 153/115/49
f 159/116/50 160/117/50 152/112/50
f 156/118/51 158/119/51 143/120/51
f 158/119/52 159/116/52 157/121/52
f 58/122/53 72/56/53 64/123/53
f 46/124/54 124/125/54 122/126/54
f 146/127/55 65/128/55 63/129/55
f 143/120/56 64/123/56 74/57/56
f 97/130/57 111/85/57 103/131/57
f 85/132/58 4/133/58 2/134/58
f 33/135/59 104/136/59 102/137/59
f 7/4/237 4/133/237 5/3/237 8/2/237
f 9/577/238 6/300/238 7/4/238 10/5/238
f 13/10/239 3/210/239 11/8/239 14/7/239
f 15/1/240 21/578/240 8/2/240
f 21/579/241 15/9/241 14/7/241 12/6/241
f 21/12/242 20/11/242 19/15/242 17/14/242
f 16/16/243 19/15/243 18/17/243
f 9/577/244 10/5/244 17/147/244
f 21/578/245 17/147/245 10/5/245 8/2/245
f 26/580/246 22/581/246 24/20/246 27/19/246
f 28/582/247 26/580/247 27/19/247 29/151/247
f 36/583/248 37/584/248 25/18/248
f 30/585/249 29/151/249 27/19/249 25/18/249
f 30/585/250 25/18/250 37/584/250 35/586/250
f 34/24/251 31/153/251 32/587/251 35/25/251
f 31/153/252 34/24/252 33/135/252
f 36/588/253 33/135/253 34/24/253 37/26/253
f 40/30/254 23/589/254 38/29/254 41/28/254
f 42/21/255 30/32/255 35/22/255
f 30/32/256 42/21/256 41/28/256 39/27/256
f 28/590/257 29/31/257 39/27/257
f 47/36/258 44/161/258 45/35/258 48/34/258
f 44/161/259 47/36/259 46/124/259
f 49/591/260 46/124/260 47/36/260 50/37/260
f 53/42/261 43/592/261 51/40/261 54/39/261
f 55/33/262 62/593/262 48/34/262
f 62/44/263 55/41/263 54/39/263 52/38/263
f 60/594/264 61/43/264 52/38/264
f 60/594/265 58/122/265 59/46/265 61/43/265
f 56/47/266 59/46/266 58/122/266
f 49/591/267 50/37/267 57/595/267
f 62/44/268 61/43/268 59/46/268 57/45/268
f 62/593/269 57/595/269 50/37/269 48/34/269
f 67/596/270 63/129/270 65/128/270 68/51/270
f 68/51/271 65/128/271 66/597/271 69/52/271
f 70/598/272 67/596/272 68/51/272 71/53/272
f 74/57/273 64/123/273 72/56/273 75/55/273
f 76/48/274 82/59/274 69/49/274
f 82/59/275 76/48/275 75/55/275 73/54/275
f 82/59/276 81/58/276 80/61/276 78/60/276
f 77/62/277 80/61/277 79/63/277
f 70/599/278 71/172/278 78/60/278
f 82/59/279 78/60/279 71/172/279 69/49/279
f 86/67/280 83/235/280 84/66/280 87/65/280
f 83/235/281 86/67/281 85/132/281
f 88/600/282 85/132/282 86/67/282 89/68/282
f 101/74/283 94/64/283 93/70/283 91/69/283
f 94/64/284 101/74/284 87/65/284
f 99/601/285 100/73/285 91/69/285
f 99/601/286 97/130/286 98/76/286 100/73/286
f 95/77/287 98/76/287 97/130/287
f 88/600/288 89/68/288 96/75/288
f 101/74/289 100/73/289 98/76/289 96/75/289
f 101/74/290 96/75/290 89/68/290 87/65/290
f 106/602/291 102/137/291 104/136/291 107/81/291
f 107/81/292 104/136/292 105/80/292 108/79/292
f 109/603/293 106/602/293 107/81/293 110/82/293
f 113/86/294 103/131/294 111/85/294 114/84/294
f 115/78/295 121/88/295 108/79/295
f 121/88/296 115/78/296 114/84/296 112/83/296
f 121/88/297 120/87/297 119/90/297 117/89/297
f 109/603/298 110/82/298 117/89/298
f 121/88/299 117/89/299 110/82/299 108/79/299
f 126/285/300 122/126/300 124/125/300 127/96/300
f 127/96/301 124/125/301 125/95/301 128/94/301
f 129/604/302 126/285/302 127/96/302 130/97/302
f 133/101/303 123/605/303 131/100/303 134/99/303
f 135/93/304 142/103/304 128/94/304
f 142/103/305 135/93/305 134/99/305 132/98/305
f 140/606/306 141/102/306 132/98/306
f 140/606/307 138/198/307 139/105/307 141/102/307
f 129/604/308 130/97/308 137/104/308
f 142/103/309 141/102/309 139/105/309 137/104/309
f 142/103/310 137/104/310 130/97/310 128/94/310
f 147/110/311 144/201/311 145/109/311 148/108/311
f 144/201/312 147/110/312 146/127/312
f 149/607/313 146/127/313 147/110/313 150/111/313
f 160/117/314 155/107/314 154/113/314 152/112/314
f 155/107/315 160/117/315 148/108/315
f 160/117/316 159/116/316 158/119/316 156/118/316
f 143/120/317 158/119/317 157/121/317
f 149/607/318 150/111/318 156/118/318
f 160/117/319 156/118/319 150/111/319 148/108/319
f 44/161/320 46/124/320 2/134/320 6/300/320
f 45/35/321 44/161/321 6/300/321 9/577/321
f 55/33/322 45/35/322 9/577/322 17/147/322
f 53/42/323 55/41/323 17/14/323 16/16/323
f 43/592/324 53/42/324 16/16/324 18/17/324
f 11/8/325 3/210/325 22/581/325 26/580/325
f 12/6/326 11/8/326 26/580/326 28/582/326
f 20/11/327 12/13/327 28/590/327 39/27/327
f 18/17/328 20/11/328 39/27/328 38/29/328
f 31/153/329 33/135/329 63/129/329 67/596/329
f 38/29/330 23/589/330 18/17/330
f 32/587/331 31/153/331 67/596/331 70/598/331
f 42/21/332 32/23/332 70/599/332 78/60/332
f 40/30/333 42/21/333 78/60/333 77/62/333
f 23/589/334 40/30/334 77/62/334 79/63/334
f 73/54/335 72/56/335 58/122/335 60/594/335
f 81/58/336 73/54/336 60/594/336 52/38/336
f 79/63/337 81/58/337 52/38/337 51/40/337
f 125/95/338 124/125/338 46/124/338 49/591/338
f 51/40/339 43/592/339 79/63/339
f 135/93/340 125/95/340 49/591/340 57/595/340
f 133/101/341 135/93/341 57/45/341 56/47/341
f 123/605/342 133/101/342 56/47/342 58/122/342
f 66/597/343 65/128/343 146/127/343 149/607/343
f 76/48/344 66/50/344 149/607/344 156/118/344
f 74/57/345 76/48/345 156/118/345 143/120/345
f 152/112/346 151/114/346 138/198/346 140/606/346
f 159/116/347 152/112/347 140/606/347 132/98/347
f 157/121/348 159/116/348 132/98/348 131/100/348
f 123/605/349 143/120/349 157/121/349 131/100/349
f 83/235/350 85/132/350 122/126/350 126/285/350
f 84/66/351 83/235/351 126/285/351 129/604/351
f 94/64/352 84/66/352 129/604/352 137/104/352
f 92/72/353 94/64/353 137/104/353 136/106/353
f 144/201/354 146/127/354 102/137/354 106/602/354
f 145/109/355 144/201/355 106/602/355 109/603/355
f 155/107/356 145/109/356 109/603/356 117/89/356
f 153/115/357 155/107/357 117/89/357 116/91/357
f 112/83/358 111/85/358 97/130/358 99/601/358
f 120/87/359 112/83/359 99/601/359 91/69/359
f 118/92/360 120/87/360 91/69/360 90/71/360
f 5/3/361 4/133/361 85/132/361 88/600/361
f 15/1/362 5/3/362 88/600/362 96/75/362
f 13/10/363 15/9/363 96/75/363 95/77/363
f 3/210/364 13/10/364 95/77/364 97/130/364
f 105/80/365 104/136/365 33/135/365 36/588/365
f 115/78/366 105/80/366 36/583/366 25/18/366
f 113/86/367 115/78/367 25/18/367 24/20/367
f 22/581/368 103/131/368 113/86/368 24/20/368
f 2/134/369 46/124/369 122/126/369 85/132/369
f 43/592/370 18/17/370 23/589/370 79/63/370
f 3/210/371 97/130/371 103/131/371 22/581/371
f 102/137/372 146/127/372 63/129/372 33/135/372
f 123/605/373 58/122/373 64/123/373 143/120/373
f 165/608/374 166/609/374 167/610/374 164/611/374
f 154/113/375 166/609/375 165/608/375 139/105/375
f 165/608/376 164/611/376 1/612/376 161/613/376
f 139/105/377 165/608/377 161/613/377 93/70/377
f 162/614/378 163/485/378 167/610/378 166/609/378
f 119/90/379 162/614/379 166/609/379 154/113/379
f 161/613/380 1/612/380 163/485/380 162/614/380
f 93/70/381 161/613/381 162/614/381 119/90/381
f 119/90/382 118/92/382 90/71/382 93/70/382
f 93/70/383 92/72/383 136/106/383 139/105/383
f 119/90/384 154/113/384 153/115/384 116/91/384
f 138/198/385 151/114/385 154/113/385 139/105/385
f 170/615/386 169/616/386 168/617/386 171/618/386
f 169/616/387 164/611/387 167/610/387 168/617/387
f 171/618/388 163/485/388 1/612/388 170/615/388
f 170/615/389 1/612/389 164/611/389 169/616/389
f 168/617/390 167/610/390 163/485/390 171/618/390
f 6/300/391 2/134/391 4/133/391 7/4/391
usemtl Material.093
f 176/138/60 178/4/60 175/133/60
f 193/139/61 186/140/61 183/141/61
f 185/7/62 186/142/62 188/143/62
f 190/144/6 192/15/6 189/16/6
f 192/15/7 193/139/7 191/145/7
f 180/5/63 181/146/63 190/147/63
f 207/148/64 200/149/64 197/150/64
f 199/19/65 200/149/65 202/151/65
f 204/152/66 206/24/66 203/153/66
f 206/24/67 207/154/67 205/155/67
f 213/156/68 214/157/68 204/158/68
f 209/159/11 211/28/11 208/29/11
f 217/160/69 219/36/69 216/161/69
f 219/36/70 220/162/70 218/124/70
f 225/163/71 226/164/71 217/160/71
f 222/165/16 224/39/16 221/40/16
f 224/39/17 225/166/17 223/42/17
f 228/167/72 230/46/72 227/47/72
f 238/168/73 240/51/73 237/128/73
f 247/55/74 248/169/74 250/170/74
f 252/171/25 254/61/25 251/62/25
f 242/172/75 243/173/75 252/171/75
f 258/174/76 260/67/76 257/175/76
f 260/67/77 261/176/77 259/177/77
f 267/178/78 268/179/78 258/174/78
f 263/180/79 265/181/79 262/71/79
f 261/176/80 273/182/80 270/183/80
f 272/76/81 273/182/81 275/73/81
f 279/184/82 281/81/82 278/136/82
f 296/185/83 289/186/83 286/187/83
f 288/84/84 289/186/84 291/188/84
f 293/89/85 295/189/85 292/91/85
f 295/189/86 296/185/86 294/92/86
f 283/82/87 284/190/87 293/89/87
f 300/191/88 302/96/88 299/125/88
f 317/192/89 310/193/89 307/194/89
f 309/99/90 310/193/90 312/195/90
f 314/196/91 316/197/91 313/106/91
f 316/197/92 317/192/92 315/198/92
f 304/97/93 305/199/93 314/196/93
f 320/200/94 322/110/94 319/201/94
f 322/110/95 323/202/95 321/203/95
f 328/107/96 329/204/96 320/200/96
f 325/112/97 327/205/97 324/114/97
f 327/205/98 328/107/98 326/115/98
f 331/206/99 333/119/99 330/207/99
f 333/119/52 334/208/52 332/121/52
f 198/209/100 182/8/100 174/210/100
f 229/211/53 244/56/53 235/123/53
f 218/124/54 299/125/54 297/126/54
f 321/203/55 237/128/55 234/129/55
f 271/130/57 285/85/57 277/131/57
f 177/300/391 173/134/391 175/133/391 178/4/391
f 179/577/238 177/300/238 178/4/238 180/5/238
f 187/619/392 188/487/392 176/138/392
f 181/146/393 180/5/393 178/4/393 176/138/393
f 181/146/394 176/138/394 188/487/394 186/620/394
f 184/10/239 174/210/239 182/8/239 185/7/239
f 185/7/395 182/8/395 183/621/395 186/142/395
f 187/622/396 184/10/396 185/7/396 188/143/396
f 181/623/397 193/139/397 192/15/397 190/144/397
f 193/139/398 181/623/398 186/140/398
f 189/16/243 192/15/243 191/145/243
f 179/577/244 180/5/244 190/147/244
f 199/19/399 196/20/399 197/150/399 200/149/399
f 196/20/400 199/19/400 198/209/400
f 201/582/401 198/209/401 199/19/401 202/151/401
f 205/155/402 194/624/402 203/153/402 206/24/402
f 207/148/403 214/586/403 200/149/403
f 214/625/404 207/154/404 206/24/404 204/152/404
f 212/626/405 213/156/405 204/158/405
f 210/30/254 195/589/254 208/29/254 211/28/254
f 212/626/406 210/30/406 211/28/406 213/156/406
f 201/590/257 202/31/257 209/159/257
f 214/157/407 213/156/407 211/28/407 209/159/407
f 214/157/408 209/159/408 202/31/408 200/627/408
f 226/164/409 220/162/409 219/36/409 217/160/409
f 216/161/410 219/36/410 218/124/410
f 223/42/261 215/592/261 221/40/261 224/39/261
f 226/628/411 225/166/411 224/39/411 222/165/411
f 231/594/264 232/43/264 222/165/264
f 226/628/412 222/165/412 232/43/412 233/629/412
f 231/594/265 229/211/265 230/46/265 232/43/265
f 227/47/266 230/46/266 229/211/266
f 233/629/413 232/43/413 230/46/413 228/167/413
f 233/630/414 228/631/414 220/162/414 226/164/414
f 239/596/270 234/129/270 237/128/270 240/51/270
f 241/598/272 239/596/272 240/51/272 242/53/272
f 249/632/415 250/170/415 238/633/415
f 243/634/416 242/53/416 240/51/416 238/168/416
f 243/173/417 238/633/417 250/170/417 248/169/417
f 246/57/273 235/123/273 244/56/273 247/55/273
f 247/55/418 244/56/418 245/441/418 248/169/418
f 248/169/419 245/441/419 255/635/419 256/361/419
f 249/632/420 246/57/420 247/55/420 250/170/420
f 253/636/421 236/637/421 251/62/421 254/61/421
f 256/361/422 243/173/422 248/169/422
f 255/635/423 253/636/423 254/61/423 256/361/423
f 241/599/278 242/172/278 252/171/278
f 243/173/424 256/361/424 254/61/424 252/171/424
f 268/179/425 261/176/425 260/67/425 258/174/425
f 257/175/426 260/67/426 259/177/426
f 266/638/427 267/178/427 258/174/427
f 266/638/428 264/72/428 265/181/428 267/178/428
f 274/601/285 275/73/285 263/180/285
f 268/179/429 267/178/429 265/181/429 263/180/429
f 268/179/430 263/180/430 275/73/430 273/182/430
f 272/76/431 269/77/431 270/183/431 273/182/431
f 269/77/287 272/76/287 271/130/287
f 274/601/286 271/130/286 272/76/286 275/73/286
f 280/602/291 276/137/291 278/136/291 281/81/291
f 261/176/432 268/179/432 273/182/432
f 282/603/293 280/602/293 281/81/293 283/82/293
f 290/639/433 291/188/433 279/184/433
f 284/190/434 283/82/434 281/81/434 279/184/434
f 284/190/435 279/184/435 291/188/435 289/186/435
f 287/86/294 277/131/294 285/85/294 288/84/294
f 288/84/436 285/85/436 286/187/436 289/186/436
f 290/639/437 287/86/437 288/84/437 291/188/437
f 284/190/438 296/185/438 295/189/438 293/89/438
f 296/185/439 284/190/439 289/186/439
f 282/603/298 283/82/298 293/89/298
f 301/285/300 297/126/300 299/125/300 302/96/300
f 303/604/302 301/285/302 302/96/302 304/97/302
f 311/640/440 312/195/440 300/191/440
f 305/199/441 304/97/441 302/96/441 300/191/441
f 305/199/442 300/191/442 312/195/442 310/193/442
f 308/101/303 298/605/303 306/100/303 309/99/303
f 309/99/443 306/100/443 307/194/443 310/193/443
f 311/640/444 308/101/444 309/99/444 312/195/444
f 305/199/445 317/192/445 316/197/445 314/196/445
f 317/192/446 305/199/446 310/193/446
f 303/604/308 304/97/308 314/196/308
f 329/204/447 323/202/447 322/110/447 320/200/447
f 319/201/448 322/110/448 321/203/448
f 329/204/449 328/107/449 327/205/449 325/112/449
f 329/204/450 325/112/450 334/208/450 335/641/450
f 332/121/451 318/642/451 330/207/451 333/119/451
f 335/641/452 334/208/452 333/119/452 331/206/452
f 335/641/453 331/206/453 323/202/453 329/204/453
f 216/161/320 218/124/320 173/134/320 177/300/320
f 217/160/454 216/161/454 177/300/454 179/577/454
f 225/163/455 217/160/455 179/577/455 190/147/455
f 223/42/323 225/166/323 190/144/323 189/16/323
f 215/592/324 223/42/324 189/16/324 191/145/324
f 183/621/456 182/8/456 198/209/456 201/582/456
f 193/139/457 183/141/457 201/590/457 209/159/457
f 191/145/328 193/139/328 209/159/328 208/29/328
f 239/596/458 203/153/458 194/624/458 234/129/458
f 208/29/330 195/589/330 191/145/330
f 204/152/459 203/153/459 239/596/459 241/598/459
f 212/626/460 204/158/460 241/599/460 252/171/460
f 210/30/461 212/626/461 252/171/461 251/62/461
f 236/637/462 195/589/462 210/30/462 251/62/462
f 245/441/463 244/56/463 229/211/463 231/594/463
f 255/635/464 245/441/464 231/594/464 222/165/464
f 253/636/465 255/635/465 222/165/465 221/40/465
f 236/637/466 253/636/466 221/40/466 215/592/466
f 300/191/467 299/125/467 218/124/467 220/162/467
f 311/640/468 300/191/468 220/162/468 228/631/468
f 227/47/469 308/101/469 311/640/469 228/167/469
f 298/605/342 308/101/342 227/47/342 229/211/342
f 238/168/470 237/128/470 321/203/470 323/202/470
f 249/632/471 238/633/471 323/202/471 331/206/471
f 330/207/472 246/57/472 249/632/472 331/206/472
f 318/642/473 235/123/473 246/57/473 330/207/473
f 325/112/474 324/114/474 315/198/474 317/192/474
f 334/208/475 325/112/475 317/192/475 307/194/475
f 332/121/476 334/208/476 307/194/476 306/100/476
f 318/642/477 332/121/477 306/100/477 298/605/477
f 258/174/478 257/175/478 301/285/478 303/604/478
f 257/175/479 297/126/479 301/285/479
f 266/638/480 258/174/480 303/604/480 314/196/480
f 264/72/481 266/638/481 314/196/481 313/106/481
f 319/201/354 321/203/354 276/137/354 280/602/354
f 320/200/482 319/201/482 280/602/482 282/603/482
f 328/107/483 320/200/483 282/603/483 293/89/483
f 326/115/357 328/107/357 293/89/357 292/91/357
f 286/187/484 285/85/484 271/130/484 274/601/484
f 296/185/485 286/187/485 274/601/485 263/180/485
f 294/92/360 296/185/360 263/180/360 262/71/360
f 259/177/486 175/133/486 173/134/486 257/175/486
f 176/138/487 175/133/487 259/177/487 261/176/487
f 187/619/488 176/138/488 261/176/488 270/183/488
f 184/10/489 187/622/489 270/183/489 269/77/489
f 174/210/364 184/10/364 269/77/364 271/130/364
f 278/136/490 276/137/490 194/624/490 205/155/490
f 279/184/491 278/136/491 205/155/491 207/154/491
f 290/639/492 279/184/492 207/148/492 197/150/492
f 287/86/493 290/639/493 197/150/493 196/20/493
f 277/131/494 287/86/494 196/20/494 198/209/494
f 173/134/369 218/124/369 297/126/369 257/175/369
f 215/592/495 191/145/495 195/589/495 236/637/495
f 174/210/496 271/130/496 277/131/496 198/209/496
f 276/137/497 321/203/497 234/129/497 194/624/497
f 298/605/498 229/211/498 235/123/498 318/642/498
f 341/643/499 342/524/499 339/421/499 340/644/499
f 327/205/500 341/643/500 340/644/500 316/197/500
f 340/644/501 339/421/501 172/645/501 336/646/501
f 316/197/502 340/644/502 336/646/502 265/181/502
f 337/647/503 338/648/503 342/524/503 341/643/503
f 295/189/504 337/647/504 341/643/504 327/205/504
f 337/647/505 336/646/505 172/645/505 338/648/505
f 265/181/506 336/646/506 337/647/506 295/189/506
f 265/181/507 295/189/507 294/92/507 262/71/507
f 316/197/508 265/181/508 264/72/508 313/106/508
f 295/189/509 327/205/509 326/115/509 292/91/509
f 324/114/510 327/205/510 316/197/510 315/198/510
f 345/615/386 344/616/386 343/617/386 346/618/386
f 344/616/511 339/421/511 342/524/511 343/617/511
f 346/618/512 338/648/512 172/645/512 345/615/512
f 345/615/513 172/645/513 339/421/513 344/616/513
f 343/617/514 342/524/514 338/648/514 346/618/514
usemtl Material.097
f 351/212/60 353/4/60 350/133/60
f 368/213/61 361/214/61 358/141/61
f 360/7/62 361/215/62 363/143/62
f 365/216/6 367/15/6 364/16/6
f 367/15/7 368/213/7 366/217/7
f 355/5/63 356/218/63 365/147/63
f 381/219/64 374/220/64 371/150/64
f 373/19/101 374/220/101 376/151/101
f 378/152/66 380/24/66 377/153/66
f 380/24/102 381/154/102 379/135/102
f 387/156/68 388/221/68 378/222/68
f 383/223/11 385/28/11 382/29/11
f 391/224/69 393/36/69 390/161/69
f 393/36/70 394/225/70 392/124/70
f 399/39/103 400/226/103 402/227/103
f 404/228/19 406/46/19 403/47/19
f 394/225/104 395/229/104 404/230/104
f 414/51/21 415/231/21 417/53/21
f 419/54/22 421/55/22 418/56/22
f 428/58/24 429/232/24 419/54/24
f 425/233/25 427/61/25 424/62/25
f 427/61/26 428/58/26 426/234/26
f 431/174/105 433/67/105 430/235/105
f 433/67/106 434/236/106 432/132/106
f 440/178/78 441/179/78 431/174/78
f 436/237/107 438/238/107 435/71/107
f 434/236/80 446/239/80 443/183/80
f 445/76/108 446/239/108 448/73/108
f 452/184/109 454/81/109 451/136/109
f 469/240/83 462/241/83 459/187/83
f 461/84/84 462/241/84 464/188/84
f 466/89/110 468/242/110 465/91/110
f 468/242/111 469/240/111 467/92/111
f 456/82/87 457/190/87 466/89/87
f 475/96/41 476/94/41 478/97/41
f 480/243/42 482/99/42 479/100/42
f 489/192/112 490/244/112 480/243/112
f 486/104/91 488/245/91 485/106/91
f 488/245/92 489/192/92 487/198/92
f 493/246/94 495/110/94 492/201/94
f 495/110/95 496/247/95 494/203/95
f 501/248/113 502/249/113 504/250/113
f 506/251/114 508/119/114 505/207/114
f 496/247/115 497/252/115 506/251/115
f 372/253/100 357/8/100 349/210/100
f 405/211/53 418/56/53 410/123/53
f 392/124/54 472/125/54 470/126/54
f 494/203/55 411/128/55 409/129/55
f 444/254/57 458/85/57 450/131/57
f 432/132/58 350/133/58 348/134/58
f 379/135/59 451/136/59 449/137/59
f 352/300/391 348/134/391 350/133/391 353/4/391
f 354/577/238 352/300/238 353/4/238 355/5/238
f 362/619/392 363/487/392 351/212/392
f 356/218/393 355/5/393 353/4/393 351/212/393
f 356/218/394 351/212/394 363/487/394 361/620/394
f 359/10/515 349/210/515 357/8/515 360/7/515
f 360/7/395 357/8/395 358/621/395 361/215/395
f 362/622/516 359/10/516 360/7/516 363/143/516
f 356/623/397 368/213/397 367/15/397 365/216/397
f 368/213/398 356/623/398 361/214/398
f 364/16/243 367/15/243 366/217/243
f 354/577/244 355/5/244 365/147/244
f 373/19/399 370/20/399 371/150/399 374/220/399
f 370/20/400 373/19/400 372/253/400
f 375/582/401 372/253/401 373/19/401 376/151/401
f 388/625/404 381/154/404 380/24/404 378/152/404
f 381/219/403 388/586/403 374/220/403
f 377/153/252 380/24/252 379/135/252
f 386/626/405 387/156/405 378/222/405
f 384/30/254 369/589/254 382/29/254 385/28/254
f 386/626/406 384/30/406 385/28/406 387/156/406
f 375/590/257 376/31/257 383/223/257
f 388/221/407 387/156/407 385/28/407 383/223/407
f 388/221/408 383/223/408 376/31/408 374/627/408
f 395/229/517 394/225/517 393/36/517 391/224/517
f 390/161/410 393/36/410 392/124/410
f 401/649/518 402/498/518 391/224/518
f 395/229/519 391/224/519 402/498/519 400/650/519
f 398/42/261 389/592/261 396/40/261 399/39/261
f 399/39/520 396/40/520 397/651/520 400/226/520
f 400/226/521 397/651/521 407/594/521 408/43/521
f 401/652/522 398/42/522 399/39/522 402/227/522
f 407/594/265 405/211/265 406/46/265 408/43/265
f 408/43/523 395/629/523 400/226/523
f 403/47/266 406/46/266 405/211/266
f 395/629/524 408/43/524 406/46/524 404/228/524
f 413/596/270 409/129/270 411/128/270 414/51/270
f 414/51/271 411/128/271 412/597/271 415/231/271
f 415/653/525 412/50/525 422/632/525 423/170/525
f 416/598/272 413/596/272 414/51/272 417/53/272
f 420/57/273 410/123/273 418/56/273 421/55/273
f 423/170/526 429/232/526 415/653/526
f 422/632/420 420/57/420 421/55/420 423/170/420
f 429/232/527 423/170/527 421/55/527 419/54/527
f 429/232/276 428/58/276 427/61/276 425/233/276
f 424/62/277 427/61/277 426/234/277
f 416/599/278 417/172/278 425/233/278
f 429/232/279 425/233/279 417/172/279 415/653/279
f 441/179/425 434/236/425 433/67/425 431/174/425
f 430/235/281 433/67/281 432/132/281
f 439/638/427 440/178/427 431/174/427
f 439/638/528 437/72/528 438/238/528 440/178/528
f 447/601/285 448/73/285 436/237/285
f 441/179/529 440/178/529 438/238/529 436/237/529
f 441/179/430 436/237/430 448/73/430 446/239/430
f 445/76/431 442/77/431 443/183/431 446/239/431
f 442/77/287 445/76/287 444/254/287
f 447/601/286 444/254/286 445/76/286 448/73/286
f 453/602/291 449/137/291 451/136/291 454/81/291
f 434/236/432 441/179/432 446/239/432
f 455/603/293 453/602/293 454/81/293 456/82/293
f 463/639/433 464/188/433 452/184/433
f 457/190/434 456/82/434 454/81/434 452/184/434
f 457/190/435 452/184/435 464/188/435 462/241/435
f 460/86/530 450/131/530 458/85/530 461/84/530
f 461/84/436 458/85/436 459/187/436 462/241/436
f 463/639/531 460/86/531 461/84/531 464/188/531
f 457/190/532 469/240/532 468/242/532 466/89/532
f 469/240/439 457/190/439 462/241/439
f 455/603/298 456/82/298 466/89/298
f 474/285/300 470/126/300 472/125/300 475/96/300
f 475/96/301 472/125/301 473/95/301 476/94/301
f 476/94/533 473/95/533 483/640/533 484/195/533
f 477/604/302 474/285/302 475/96/302 478/97/302
f 481/101/303 471/605/303 479/100/303 482/99/303
f 484/195/534 490/244/534 476/94/534
f 483/640/444 481/101/444 482/99/444 484/195/444
f 490/244/535 484/195/535 482/99/535 480/243/535
f 490/244/536 489/192/536 488/245/536 486/104/536
f 477/604/308 478/97/308 486/104/308
f 490/244/310 486/104/310 478/97/310 476/94/310
f 497/252/537 496/247/537 495/110/537 493/246/537
f 492/201/448 495/110/448 494/203/448
f 503/654/538 504/250/538 493/246/538
f 497/252/539 493/246/539 504/250/539 502/249/539
f 501/248/540 498/114/540 499/375/540 502/249/540
f 502/249/541 499/375/541 509/655/541 510/656/541
f 503/654/542 500/115/542 501/248/542 504/250/542
f 507/121/543 491/642/543 505/207/543 508/119/543
f 510/656/544 497/252/544 502/249/544
f 509/655/545 507/121/545 508/119/545 510/656/545
f 497/252/546 510/656/546 508/119/546 506/251/546
f 390/161/320 392/124/320 348/134/320 352/300/320
f 391/224/454 390/161/454 352/300/454 354/577/454
f 401/649/547 391/224/547 354/577/547 365/147/547
f 398/42/548 401/652/548 365/216/548 364/16/548
f 389/592/324 398/42/324 364/16/324 366/217/324
f 358/621/456 357/8/456 372/253/456 375/582/456
f 368/213/457 358/141/457 375/590/457 383/223/457
f 366/217/328 368/213/328 383/223/328 382/29/328
f 377/153/329 379/135/329 409/129/329 413/596/329
f 382/29/330 369/589/330 366/217/330
f 378/152/459 377/153/459 413/596/459 416/598/459
f 386/626/460 378/222/460 416/599/460 425/233/460
f 384/30/461 386/626/461 425/233/461 424/62/461
f 369/589/334 384/30/334 424/62/334 426/234/334
f 419/54/335 418/56/335 405/211/335 407/594/335
f 428/58/549 419/54/549 407/594/549 397/651/549
f 426/234/550 428/58/550 397/651/550 396/40/550
f 473/95/551 472/125/551 392/124/551 394/225/551
f 396/40/339 389/592/339 426/234/339
f 483/640/552 473/95/552 394/225/552 404/230/552
f 481/101/553 483/640/553 404/228/553 403/47/553
f 471/605/342 481/101/342 403/47/342 405/211/342
f 412/597/554 411/128/554 494/203/554 496/247/554
f 422/632/555 412/50/555 496/247/555 506/251/555
f 420/57/556 422/632/556 506/251/556 505/207/556
f 491/642/473 410/123/473 420/57/473 505/207/473
f 499/375/557 498/114/557 487/198/557 489/192/557
f 509/655/558 499/375/558 489/192/558 480/243/558
f 507/121/559 509/655/559 480/243/559 479/100/559
f 491/642/477 507/121/477 479/100/477 471/605/477
f 430/235/350 432/132/350 470/126/350 474/285/350
f 431/174/560 430/235/560 474/285/560 477/604/560
f 439/638/480 431/174/480 477/604/480 486/104/480
f 437/72/481 439/638/481 486/104/481 485/106/481
f 492/201/354 494/203/354 449/137/354 453/602/354
f 493/246/482 492/201/482 453/602/482 455/603/482
f 503/654/561 493/246/561 455/603/561 466/89/561
f 500/115/562 503/654/562 466/89/562 465/91/562
f 459/187/484 458/85/484 444/254/484 447/601/484
f 469/240/485 459/187/485 447/601/485 436/237/485
f 467/92/360 469/240/360 436/237/360 435/71/360
f 351/212/563 350/133/563 432/132/563 434/236/563
f 362/619/488 351/212/488 434/236/488 443/183/488
f 359/10/489 362/622/489 443/183/489 442/77/489
f 349/210/364 359/10/364 442/77/364 444/254/364
f 452/184/564 451/136/564 379/135/564 381/154/564
f 463/639/492 452/184/492 381/219/492 371/150/492
f 460/86/493 463/639/493 371/150/493 370/20/493
f 450/131/494 460/86/494 370/20/494 372/253/494
f 348/134/369 392/124/369 470/126/369 432/132/369
f 389/592/370 366/217/370 369/589/370 426/234/370
f 349/210/496 444/254/496 450/131/496 372/253/496
f 449/137/372 494/203/372 409/129/372 379/135/372
f 471/605/498 405/211/498 410/123/498 491/642/498
f 516/657/565 517/524/565 514/421/565 515/658/565
f 501/248/566 516/657/566 515/658/566 488/245/566
f 515/658/567 514/421/567 347/659/567 511/660/567
f 488/245/568 515/658/568 511/660/568 438/238/568
f 512/661/569 513/662/569 517/524/569 516/657/569
f 501/248/570 468/242/570 512/661/570 516/657/570
f 511/660/571 347/659/571 513/662/571 512/661/571
f 438/238/572 511/660/572 512/661/572 468/242/572
f 468/242/573 467/92/573 435/71/573 438/238/573
f 488/245/574 438/238/574 437/72/574 485/106/574
f 501/248/575 500/115/575 465/91/575 468/242/575
f 498/114/576 501/248/576 488/245/576 487/198/576
f 520/615/386 519/616/386 518/617/386 521/618/386
f 519/616/511 514/421/511 517/524/511 518/617/511
f 521/618/388 513/662/388 347/659/388 520/615/388
f 520/615/577 347/659/577 514/421/577 519/616/577
f 518/617/578 517/524/578 513/662/578 521/618/578
usemtl Material.104
f 526/255/60 528/4/60 525/133/60
f 543/213/61 536/256/61 533/141/61
f 535/7/62 536/257/62 538/143/62
f 540/258/6 542/15/6 539/16/6
f 542/15/7 543/213/7 541/217/7
f 530/5/63 531/259/63 540/260/63
f 556/219/64 549/261/64 546/150/64
f 548/19/101 549/261/101 551/151/101
f 553/152/66 555/24/66 552/153/66
f 555/24/102 556/262/102 554/135/102
f 562/156/68 563/263/68 553/264/68
f 558/265/11 560/28/11 557/29/11
f 566/266/69 568/36/69 565/161/69
f 568/36/70 569/267/70 567/268/70
f 574/39/103 575/269/103 577/227/103
f 579/270/19 581/46/19 578/47/19
f 569/267/104 570/271/104 579/272/104
f 589/51/21 590/273/21 592/53/21
f 594/274/22 596/55/22 593/56/22
f 603/275/24 604/276/24 594/274/24
f 600/233/25 602/61/25 599/62/25
f 602/61/26 603/275/26 601/234/26
f 615/277/116 609/278/116 606/66/116
f 608/67/106 610/236/106 607/279/106
f 615/277/117 616/280/117 609/278/117
f 612/69/118 614/281/118 611/71/118
f 614/281/119 615/277/119 613/72/119
f 610/236/80 621/239/80 618/183/80
f 620/76/81 621/239/81 623/73/81
f 627/184/109 629/81/109 626/136/109
f 644/240/83 637/282/83 634/187/83
f 636/84/84 637/282/84 639/188/84
f 641/89/120 643/283/120 640/91/120
f 643/283/121 644/240/121 642/92/121
f 631/82/87 632/190/87 641/89/87
f 650/96/122 652/284/122 649/285/122
f 650/96/123 651/286/123 652/284/123
f 654/287/42 656/99/42 653/100/42
f 664/288/112 665/289/112 654/287/112
f 652/284/124 663/290/124 660/291/124
f 662/292/125 664/288/125 661/198/125
f 668/200/94 670/110/94 667/201/94
f 670/110/95 671/247/95 669/203/95
f 676/293/126 677/294/126 679/250/126
f 680/251/51 682/119/51 666/295/51
f 671/247/115 672/252/115 680/251/115
f 580/211/53 593/56/53 585/123/53
f 567/268/54 647/125/54 645/126/54
f 669/203/55 586/128/55 584/129/55
f 666/295/56 585/123/56 595/57/56
f 619/130/57 633/85/57 625/131/57
f 607/279/58 525/133/58 523/134/58
f 554/135/59 626/136/59 624/137/59
f 544/296/127 625/131/127 635/86/127
f 527/300/391 523/134/391 525/133/391 528/4/391
f 529/577/238 527/300/238 528/4/238 530/5/238
f 537/619/392 538/487/392 526/255/392
f 531/259/393 530/5/393 528/4/393 526/255/393
f 531/259/394 526/255/394 538/487/394 536/620/394
f 534/10/515 524/210/515 532/8/515 535/7/515
f 535/7/395 532/8/395 533/621/395 536/257/395
f 537/622/516 534/10/516 535/7/516 538/143/516
f 531/623/397 543/213/397 542/15/397 540/258/397
f 543/213/398 531/623/398 536/256/398
f 539/16/243 542/15/243 541/217/243
f 529/577/244 530/5/244 540/260/244
f 548/19/579 544/296/579 546/150/579 549/261/579
f 544/296/580 548/19/580 547/580/580
f 550/582/247 547/580/247 548/19/247 551/151/247
f 563/625/404 556/262/404 555/24/404 553/152/404
f 556/219/403 563/586/403 549/261/403
f 552/153/252 555/24/252 554/135/252
f 561/626/405 562/156/405 553/264/405
f 559/30/254 545/589/254 557/29/254 560/28/254
f 561/626/406 559/30/406 560/28/406 562/156/406
f 550/590/257 551/31/257 558/265/257
f 563/263/407 562/156/407 560/28/407 558/265/407
f 563/263/408 558/265/408 551/31/408 549/627/408
f 570/271/517 569/267/517 568/36/517 566/266/517
f 565/161/259 568/36/259 567/268/259
f 576/649/518 577/498/518 566/266/518
f 570/271/519 566/266/519 577/498/519 575/650/519
f 573/42/261 564/592/261 571/40/261 574/39/261
f 574/39/520 571/40/520 572/651/520 575/269/520
f 575/269/521 572/651/521 582/594/521 583/43/521
f 576/652/522 573/42/522 574/39/522 577/227/522
f 582/594/265 580/211/265 581/46/265 583/43/265
f 583/43/523 570/629/523 575/269/523
f 578/47/266 581/46/266 580/211/266
f 570/629/524 583/43/524 581/46/524 579/270/524
f 588/596/270 584/129/270 586/128/270 589/51/270
f 589/51/271 586/128/271 587/597/271 590/273/271
f 590/49/525 587/50/525 597/632/525 598/170/525
f 591/598/272 588/596/272 589/51/272 592/53/272
f 595/57/273 585/123/273 593/56/273 596/55/273
f 598/170/526 604/276/526 590/49/526
f 597/632/420 595/57/420 596/55/420 598/170/420
f 604/276/527 598/170/527 596/55/527 594/274/527
f 604/276/276 603/275/276 602/61/276 600/233/276
f 599/62/277 602/61/277 601/234/277
f 591/599/278 592/172/278 600/233/278
f 604/276/279 600/233/279 592/172/279 590/49/279
f 608/67/581 605/235/581 606/66/581 609/278/581
f 605/235/281 608/67/281 607/279/281
f 616/280/582 610/236/582 608/67/582 609/278/582
f 616/280/583 615/277/583 614/281/583 612/69/583
f 622/601/285 623/73/285 612/69/285
f 616/280/430 612/69/430 623/73/430 621/239/430
f 620/76/431 617/77/431 618/183/431 621/239/431
f 617/77/287 620/76/287 619/130/287
f 622/601/286 619/130/286 620/76/286 623/73/286
f 628/602/291 624/137/291 626/136/291 629/81/291
f 610/236/432 616/280/432 621/239/432
f 630/603/293 628/602/293 629/81/293 631/82/293
f 638/639/433 639/188/433 627/184/433
f 632/190/434 631/82/434 629/81/434 627/184/434
f 632/190/435 627/184/435 639/188/435 637/282/435
f 635/86/530 625/131/530 633/85/530 636/84/530
f 636/84/436 633/85/436 634/187/436 637/282/436
f 638/639/531 635/86/531 636/84/531 639/188/531
f 632/190/584 644/240/584 643/283/584 641/89/584
f 644/240/439 632/190/439 637/282/439
f 630/603/298 631/82/298 641/89/298
f 649/285/300 645/126/300 647/125/300 650/96/300
f 650/96/301 647/125/301 648/95/301 651/286/301
f 651/286/533 648/95/533 657/640/533 658/195/533
f 655/101/303 646/605/303 653/100/303 656/99/303
f 658/195/534 665/289/534 651/286/534
f 657/640/444 655/101/444 656/99/444 658/195/444
f 665/289/535 658/195/535 656/99/535 654/287/535
f 662/292/585 659/106/585 660/291/585 663/290/585
f 665/289/586 664/288/586 662/292/586 663/290/586
f 665/289/587 663/290/587 652/284/587 651/286/587
f 672/252/537 671/247/537 670/110/537 668/200/537
f 667/201/312 670/110/312 669/203/312
f 678/654/538 679/250/538 668/200/538
f 672/252/539 668/200/539 679/250/539 677/294/539
f 676/293/588 673/114/588 674/375/588 677/294/588
f 677/294/541 674/375/541 683/655/541 684/656/541
f 678/654/589 675/115/589 676/293/589 679/250/589
f 683/655/545 681/121/545 682/119/545 684/656/545
f 684/656/544 672/252/544 677/294/544
f 666/295/317 682/119/317 681/121/317
f 672/252/546 684/656/546 682/119/546 680/251/546
f 565/161/320 567/268/320 523/134/320 527/300/320
f 566/266/454 565/161/454 527/300/454 529/577/454
f 576/649/547 566/266/547 529/577/547 540/260/547
f 573/42/548 576/652/548 540/258/548 539/16/548
f 564/592/324 573/42/324 539/16/324 541/217/324
f 547/580/590 532/8/590 524/210/590 544/296/590
f 533/621/591 532/8/591 547/580/591 550/582/591
f 543/213/457 533/141/457 550/590/457 558/265/457
f 541/217/328 543/213/328 558/265/328 557/29/328
f 552/153/329 554/135/329 584/129/329 588/596/329
f 557/29/330 545/589/330 541/217/330
f 553/152/459 552/153/459 588/596/459 591/598/459
f 561/626/460 553/264/460 591/599/460 600/233/460
f 559/30/461 561/626/461 600/233/461 599/62/461
f 545/589/334 559/30/334 599/62/334 601/234/334
f 594/274/335 593/56/335 580/211/335 582/594/335
f 603/275/549 594/274/549 582/594/549 572/651/549
f 601/234/550 603/275/550 572/651/550 571/40/550
f 648/95/551 647/125/551 567/268/551 569/267/551
f 571/40/339 564/592/339 601/234/339
f 657/640/552 648/95/552 569/267/552 579/272/552
f 655/101/553 657/640/553 579/270/553 578/47/553
f 646/605/342 655/101/342 578/47/342 580/211/342
f 587/597/554 586/128/554 669/203/554 671/247/554
f 597/632/555 587/50/555 671/247/555 680/251/555
f 595/57/592 597/632/592 680/251/592 666/295/592
f 674/375/557 673/114/557 661/198/557 664/288/557
f 683/655/558 674/375/558 664/288/558 654/287/558
f 681/121/559 683/655/559 654/287/559 653/100/559
f 646/605/349 666/295/349 681/121/349 653/100/349
f 605/235/350 607/279/350 645/126/350 649/285/350
f 606/66/593 605/235/593 649/285/593 652/284/593
f 660/291/480 615/277/480 606/66/480 652/284/480
f 613/72/594 615/277/594 660/291/594 659/106/594
f 667/201/354 669/203/354 624/137/354 628/602/354
f 668/200/482 667/201/482 628/602/482 630/603/482
f 678/654/561 668/200/561 630/603/561 641/89/561
f 675/115/562 678/654/562 641/89/562 640/91/562
f 634/187/484 633/85/484 619/130/484 622/601/484
f 644/240/485 634/187/485 622/601/485 612/69/485
f 642/92/360 644/240/360 612/69/360 611/71/360
f 526/255/563 525/133/563 607/279/563 610/236/563
f 537/619/488 526/255/488 610/236/488 618/183/488
f 534/10/489 537/622/489 618/183/489 617/77/489
f 524/210/364 534/10/364 617/77/364 619/130/364
f 627/184/564 626/136/564 554/135/564 556/262/564
f 638/639/492 627/184/492 556/219/492 546/150/492
f 635/86/595 638/639/595 546/150/595 544/296/595
f 523/134/369 567/268/369 645/126/369 607/279/369
f 564/592/370 541/217/370 545/589/370 601/234/370
f 524/210/596 619/130/596 625/131/596 544/296/596
f 624/137/372 669/203/372 584/129/372 554/135/372
f 646/605/373 580/211/373 585/123/373 666/295/373
f 690/643/499 691/524/499 688/663/499 689/658/499
f 676/293/597 690/643/597 689/658/597 662/292/597
f 689/658/567 688/663/567 522/659/567 685/660/567
f 662/292/598 689/658/598 685/660/598 614/281/598
f 686/664/599 687/662/599 691/524/599 690/643/599
f 643/283/600 686/664/600 690/643/600 676/293/600
f 685/660/380 522/659/380 687/662/380 686/664/380
f 614/281/601 685/660/601 686/664/601 643/283/601
f 614/281/602 643/283/602 642/92/602 611/71/602
f 614/281/603 613/72/603 659/106/603 662/292/603
f 676/293/604 675/115/604 640/91/604 643/283/604
f 661/198/605 673/114/605 676/293/605 662/292/605
f 694/615/386 693/616/386 692/617/386 695/618/386
f 693/616/511 688/663/511 691/524/511 692/617/511
f 695/618/388 687/662/388 522/659/388 694/615/388
f 694/615/577 522/659/577 688/663/577 693/616/577
f 692/617/578 691/524/578 687/662/578 695/618/578
usemtl Material.108
f 711/297/128 703/298/128 700/3/128
f 702/4/129 704/299/129 701/300/129
f 717/139/61 710/301/61 707/141/61
f 709/7/130 711/302/130 708/10/130
f 709/7/131 710/303/131 711/302/131
f 704/299/132 716/304/132 713/305/132
f 715/15/7 717/139/7 714/145/7
f 704/299/133 705/306/133 716/304/133
f 730/148/64 723/307/64 720/150/64
f 722/19/65 723/307/65 725/151/65
f 727/308/66 729/24/66 726/153/66
f 729/24/102 730/309/102 728/310/102
f 736/156/68 737/311/68 727/312/68
f 732/159/11 734/28/11 731/29/11
f 750/313/134 743/314/134 740/35/134
f 750/313/135 751/315/135 743/314/135
f 747/316/16 749/39/16 746/40/16
f 749/39/136 750/317/136 748/42/136
f 755/46/137 756/318/137 758/43/137
f 762/319/73 764/51/73 761/128/73
f 771/55/23 773/320/23 770/57/23
f 771/55/138 772/321/138 773/320/138
f 775/322/139 777/61/139 774/62/139
f 766/172/140 767/173/140 775/322/140
f 781/174/105 783/67/105 780/235/105
f 783/67/141 784/323/141 782/279/141
f 791/178/78 792/324/78 781/174/78
f 798/325/142 789/326/142 786/327/142
f 784/323/143 797/182/143 794/183/143
f 796/76/144 798/325/144 795/328/144
f 796/76/145 797/182/145 798/325/145
f 804/81/34 805/329/34 807/82/34
f 819/330/146 812/331/146 809/187/146
f 819/330/147 820/332/147 812/331/147
f 816/89/85 818/189/85 815/91/85
f 818/189/148 819/330/148 817/92/148
f 824/333/88 826/96/88 823/125/88
f 840/334/89 834/335/89 831/194/89
f 833/99/43 835/336/43 832/101/43
f 833/99/149 834/335/149 835/336/149
f 837/104/150 839/337/150 836/106/150
f 839/337/151 840/334/151 838/198/151
f 828/97/93 829/338/93 837/104/93
f 842/339/94 844/110/94 841/201/94
f 844/110/95 845/202/95 843/203/95
f 850/340/96 851/341/96 842/339/96
f 847/112/97 849/205/97 846/114/97
f 849/205/98 850/340/98 848/115/98
f 845/202/152 856/342/152 853/343/152
f 855/119/153 857/344/153 854/345/153
f 855/119/154 856/342/154 857/344/154
f 721/209/100 706/8/100 698/210/100
f 754/211/53 768/56/53 760/123/53
f 741/268/54 823/125/54 821/126/54
f 843/203/55 761/128/55 759/129/55
f 795/328/57 808/85/57 800/131/57
f 782/279/58 699/133/58 697/134/58
f 728/310/59 801/136/59 799/137/59
f 701/300/391 697/134/391 699/133/391 702/4/391
f 702/4/606 699/133/606 700/3/606 703/298/606
f 705/306/607 704/299/607 702/4/607 703/298/607
f 705/306/608 703/298/608 711/297/608 710/620/608
f 708/10/239 698/210/239 706/8/239 709/7/239
f 709/7/395 706/8/395 707/621/395 710/303/395
f 715/15/609 712/16/609 713/665/609 716/666/609
f 717/139/398 705/623/398 710/301/398
f 712/16/243 715/15/243 714/145/243
f 705/623/610 717/139/610 715/15/610 716/666/610
f 722/19/399 719/20/399 720/150/399 723/307/399
f 719/20/400 722/19/400 721/209/400
f 724/582/401 721/209/401 722/19/401 725/151/401
f 737/625/404 730/309/404 729/24/404 727/308/404
f 730/148/403 737/586/403 723/307/403
f 726/153/252 729/24/252 728/310/252
f 735/626/405 736/156/405 727/312/405
f 733/30/254 718/589/254 731/29/254 734/28/254
f 735/626/406 733/30/406 734/28/406 736/156/406
f 724/590/257 725/31/257 732/159/257
f 737/311/407 736/156/407 734/28/407 732/159/407
f 737/311/408 732/159/408 725/31/408 723/627/408
f 742/36/611 739/161/611 740/35/611 743/314/611
f 739/161/259 742/36/259 741/268/259
f 744/591/260 741/268/260 742/36/260 745/37/260
f 751/315/612 745/37/612 742/36/612 743/314/612
f 748/42/261 738/592/261 746/40/261 749/39/261
f 751/628/613 750/317/613 749/39/613 747/316/613
f 757/594/264 758/43/264 747/316/264
f 751/628/614 747/316/614 758/43/614 756/318/614
f 755/46/615 752/47/615 753/667/615 756/318/615
f 752/47/266 755/46/266 754/211/266
f 756/500/616 753/359/616 744/591/616 745/37/616
f 757/594/265 754/211/265 755/46/265 758/43/265
f 763/596/270 759/129/270 761/128/270 764/51/270
f 745/37/617 751/315/617 756/500/617
f 765/598/272 763/596/272 764/51/272 766/53/272
f 767/634/416 766/53/416 764/51/416 762/319/416
f 767/173/618 762/668/618 773/320/618 772/321/618
f 770/57/273 760/123/273 768/56/273 771/55/273
f 771/55/418 768/56/418 769/441/418 772/321/418
f 772/321/419 769/441/419 778/635/419 779/361/419
f 778/635/619 776/234/619 777/61/619 779/361/619
f 779/361/422 767/173/422 772/321/422
f 774/62/277 777/61/277 776/234/277
f 765/599/620 766/172/620 775/322/620
f 767/173/621 779/361/621 777/61/621 775/322/621
f 792/324/622 784/323/622 783/67/622 781/174/622
f 780/235/281 783/67/281 782/279/281
f 790/638/427 791/178/427 781/174/427
f 788/568/623 785/71/623 786/327/623 789/326/623
f 790/638/624 787/72/624 788/568/624 791/178/624
f 792/324/625 791/178/625 788/568/625 789/326/625
f 792/324/626 789/326/626 798/325/626 797/182/626
f 796/76/431 793/77/431 794/183/431 797/182/431
f 793/77/287 796/76/287 795/328/287
f 803/602/291 799/137/291 801/136/291 804/81/291
f 784/323/627 792/324/627 797/182/627
f 804/81/292 801/136/292 802/80/292 805/329/292
f 805/329/628 802/80/628 813/639/628 814/188/628
f 806/603/293 803/602/293 804/81/293 807/82/293
f 810/86/294 800/131/294 808/85/294 811/84/294
f 814/188/629 820/332/629 805/329/629
f 811/84/630 808/85/630 809/187/630 812/331/630
f 813/639/437 810/86/437 811/84/437 814/188/437
f 820/332/631 814/188/631 811/84/631 812/331/631
f 820/332/632 819/330/632 818/189/632 816/89/632
f 806/603/298 807/82/298 816/89/298
f 820/332/299 816/89/299 807/82/299 805/329/299
f 825/285/300 821/126/300 823/125/300 826/96/300
f 827/604/302 825/285/302 826/96/302 828/97/302
f 829/338/441 828/97/441 826/96/441 824/333/441
f 829/338/633 824/333/633 835/336/633 834/335/633
f 832/101/303 822/605/303 830/100/303 833/99/303
f 833/99/443 830/100/443 831/194/443 834/335/443
f 829/338/634 840/334/634 839/337/634 837/104/634
f 840/334/446 829/338/446 834/335/446
f 827/604/308 828/97/308 837/104/308
f 851/341/447 845/202/447 844/110/447 842/339/447
f 841/201/312 844/110/312 843/203/312
f 851/341/449 850/340/449 849/205/449 847/112/449
f 851/341/635 847/112/635 857/344/635 856/342/635
f 855/119/636 852/207/636 853/343/636 856/342/636
f 852/207/637 855/119/637 854/345/637
f 739/161/320 741/268/320 697/134/320 701/300/320
f 845/202/638 851/341/638 856/342/638
f 740/35/639 739/161/639 701/300/639 704/299/639
f 713/305/547 750/313/547 740/35/547 704/299/547
f 748/42/640 750/317/640 713/665/640 712/16/640
f 738/592/324 748/42/324 712/16/324 714/145/324
f 707/621/456 706/8/456 721/209/456 724/582/456
f 717/139/457 707/141/457 724/590/457 732/159/457
f 714/145/328 717/139/328 732/159/328 731/29/328
f 726/153/329 728/310/329 759/129/329 763/596/329
f 731/29/330 718/589/330 714/145/330
f 727/308/459 726/153/459 763/596/459 765/598/459
f 735/626/641 727/312/641 765/599/641 775/322/641
f 774/62/642 733/30/642 735/626/642 775/322/642
f 718/589/334 733/30/334 774/62/334 776/234/334
f 769/441/463 768/56/463 754/211/463 757/594/463
f 778/635/464 769/441/464 757/594/464 747/316/464
f 776/234/643 778/635/643 747/316/643 746/40/643
f 824/333/644 823/125/644 741/268/644 744/591/644
f 746/40/339 738/592/339 776/234/339
f 835/336/645 824/333/645 744/591/645 753/359/645
f 832/101/646 835/336/646 753/667/646 752/47/646
f 822/605/342 832/101/342 752/47/342 754/211/342
f 762/319/470 761/128/470 843/203/470 845/202/470
f 773/320/647 762/668/647 845/202/647 853/343/647
f 770/57/648 773/320/648 853/343/648 852/207/648
f 760/123/649 770/57/649 852/207/649 854/345/649
f 847/112/474 846/114/474 838/198/474 840/334/474
f 857/344/475 847/112/475 840/334/475 831/194/475
f 854/345/650 857/344/650 831/194/650 830/100/650
f 780/235/350 782/279/350 821/126/350 825/285/350
f 830/100/651 822/605/651 854/345/651
f 781/174/560 780/235/560 825/285/560 827/604/560
f 790/638/480 781/174/480 827/604/480 837/104/480
f 787/72/481 790/638/481 837/104/481 836/106/481
f 841/201/354 843/203/354 799/137/354 803/602/354
f 842/339/482 841/201/482 803/602/482 806/603/482
f 850/340/483 842/339/483 806/603/483 816/89/483
f 848/115/357 850/340/357 816/89/357 815/91/357
f 809/187/652 808/85/652 795/328/652 798/325/652
f 786/327/653 819/330/653 809/187/653 798/325/653
f 817/92/654 819/330/654 786/327/654 785/71/654
f 700/3/655 699/133/655 782/279/655 784/323/655
f 794/183/656 711/297/656 700/3/656 784/323/656
f 708/10/657 711/302/657 794/183/657 793/77/657
f 698/210/364 708/10/364 793/77/364 795/328/364
f 802/80/658 801/136/658 728/310/658 730/309/658
f 813/639/659 802/80/659 730/148/659 720/150/659
f 810/86/493 813/639/493 720/150/493 719/20/493
f 800/131/494 810/86/494 719/20/494 721/209/494
f 697/134/369 741/268/369 821/126/369 782/279/369
f 738/592/370 714/145/370 718/589/370 776/234/370
f 698/210/496 795/328/496 800/131/496 721/209/496
f 799/137/372 843/203/372 759/129/372 728/310/372
f 822/605/660 754/211/660 760/123/660 854/345/660
f 862/608/661 863/669/661 864/670/661 861/671/661
f 849/205/662 863/669/662 862/608/662 839/337/662
f 862/608/376 861/671/376 696/659/376 858/672/376
f 839/337/663 862/608/663 858/672/663 788/568/663
f 863/669/664 859/673/664 860/674/664 864/670/664
f 818/189/665 859/673/665 863/669/665 849/205/665
f 858/672/666 696/659/666 860/674/666 859/673/666
f 788/568/667 858/672/667 859/673/667 818/189/667
f 788/568/668 818/189/668 817/92/668 785/71/668
f 788/568/669 787/72/669 836/106/669 839/337/669
f 818/189/509 849/205/509 848/115/509 815/91/509
f 846/114/670 849/205/670 839/337/670 838/198/670
f 867/615/386 866/616/386 865/617/386 868/618/386
f 866/616/671 861/671/671 864/670/671 865/617/671
f 868/618/672 860/674/672 696/659/672 867/615/672
f 867/615/389 696/659/389 861/671/389 866/616/389
f 865/617/390 864/670/390 860/674/390 868/618/390
usemtl Material.109
f 875/4/129 877/346/129 874/300/129
f 875/4/155 876/347/155 877/346/155
f 879/6/3 881/7/3 878/8/3
f 889/139/5 890/348/5 879/349/5
f 877/346/132 888/304/132 885/305/132
f 887/15/7 889/139/7 886/350/7
f 893/18/8 895/19/8 892/20/8
f 910/351/9 903/352/9 900/23/9
f 902/24/10 903/25/10 905/26/10
f 907/159/11 909/28/11 906/29/11
f 909/28/12 910/351/12 908/30/12
f 897/31/156 898/353/156 907/159/156
f 922/313/157 916/354/157 913/35/157
f 915/36/158 917/355/158 914/124/158
f 915/36/159 916/354/159 917/355/159
f 919/356/16 921/39/16 918/40/16
f 921/39/136 922/357/136 920/42/136
f 929/43/18 930/44/18 919/356/18
f 917/355/160 927/358/160 924/359/160
f 944/320/20 937/360/20 934/50/20
f 936/51/21 937/52/21 939/53/21
f 941/54/22 943/55/22 940/56/22
f 943/55/23 944/320/23 942/57/23
f 950/361/161 951/362/161 941/54/161
f 946/233/25 948/61/25 945/62/25
f 955/67/28 956/363/28 958/68/28
f 970/325/142 963/326/142 960/327/142
f 970/325/162 971/74/162 963/326/162
f 967/364/32 969/76/32 966/77/32
f 969/76/144 970/325/144 968/130/144
f 986/365/33 978/79/33 975/80/33
f 977/81/34 978/79/34 980/82/34
f 991/330/146 985/331/146 982/187/146
f 984/84/36 986/365/36 983/86/36
f 991/330/147 992/366/147 985/331/147
f 988/367/85 990/368/85 987/91/85
f 990/368/148 991/330/148 989/92/148
f 1007/369/163 999/370/163 996/95/163
f 998/96/41 999/370/41 1001/97/41
f 1012/371/164 1006/372/164 1003/194/164
f 1005/99/165 1007/369/165 1004/101/165
f 1012/371/166 1013/103/166 1006/372/166
f 1009/104/45 1011/105/45 1008/106/45
f 1011/105/167 1012/371/167 1010/198/167
f 1026/107/46 1018/108/46 1015/109/46
f 1017/110/47 1018/108/47 1020/111/47
f 1031/373/168 1025/374/168 1022/375/168
f 1024/113/49 1026/107/49 1023/115/49
f 1031/373/169 1032/376/169 1025/374/169
f 1028/377/114 1030/119/114 1027/207/114
f 1030/119/170 1031/373/170 1029/378/170
f 894/209/100 878/8/100 871/210/100
f 925/122/53 940/56/53 932/123/53
f 914/124/54 995/125/54 993/126/54
f 1016/379/55 933/128/55 931/129/55
f 968/130/57 981/85/57 973/131/57
f 954/279/58 872/133/58 870/134/58
f 901/380/59 974/136/59 972/137/59
f 874/300/391 870/134/391 872/133/391 875/4/391
f 875/4/237 872/133/237 873/3/237 876/347/237
f 876/347/673 873/3/673 882/619/673 883/487/673
f 880/10/515 871/210/515 878/8/515 881/7/515
f 883/487/674 890/675/674 876/347/674
f 882/622/396 880/10/396 881/7/396 883/143/396
f 890/579/675 883/143/675 881/7/675 879/6/675
f 887/15/609 884/16/609 885/665/609 888/666/609
f 884/16/243 887/15/243 886/350/243
f 890/348/676 889/139/676 887/15/676 888/666/676
f 890/675/677 888/304/677 877/346/677 876/347/677
f 896/582/401 894/209/401 895/19/401 897/151/401
f 892/20/400 895/19/400 894/209/400
f 904/583/248 905/584/248 893/18/248
f 898/585/249 897/151/249 895/19/249 893/18/249
f 898/585/250 893/18/250 905/584/250 903/586/250
f 902/24/678 899/153/678 900/587/678 903/25/678
f 899/153/252 902/24/252 901/380/252
f 904/588/253 901/380/253 902/24/253 905/26/253
f 908/30/254 891/589/254 906/29/254 909/28/254
f 910/351/255 898/353/255 903/352/255
f 898/353/256 910/351/256 909/28/256 907/159/256
f 896/590/257 897/31/257 907/159/257
f 915/36/258 912/161/258 913/35/258 916/354/258
f 912/161/259 915/36/259 914/124/259
f 920/42/261 911/592/261 918/40/261 921/39/261
f 922/313/679 930/593/679 916/354/679
f 930/44/680 922/357/680 921/39/680 919/356/680
f 928/594/264 929/43/264 919/356/264
f 926/46/681 923/47/681 924/667/681 927/676/681
f 923/47/266 926/46/266 925/122/266
f 928/594/265 925/122/265 926/46/265 929/43/265
f 930/44/682 929/43/682 926/46/682 927/676/682
f 930/593/683 927/358/683 917/355/683 916/354/683
f 935/596/270 931/129/270 933/128/270 936/51/270
f 936/51/271 933/128/271 934/597/271 937/52/271
f 938/598/272 935/596/272 936/51/272 939/53/272
f 942/57/273 932/123/273 940/56/273 943/55/273
f 944/320/274 951/362/274 937/360/274
f 951/362/275 944/320/275 943/55/275 941/54/275
f 949/635/684 950/361/684 941/54/684
f 949/635/619 947/63/619 948/61/619 950/361/619
f 945/62/277 948/61/277 947/63/277
f 938/599/278 939/172/278 946/233/278
f 951/362/685 950/361/685 948/61/685 946/233/685
f 951/362/279 946/233/279 939/172/279 937/360/279
f 955/67/280 952/235/280 953/66/280 956/363/280
f 952/235/686 955/67/686 954/279/686
f 956/363/687 953/66/687 964/638/687 965/178/687
f 957/600/282 954/279/282 955/67/282 958/68/282
f 962/677/623 959/71/623 960/327/623 963/326/623
f 965/178/688 971/74/688 956/363/688
f 964/638/624 961/72/624 962/677/624 965/178/624
f 971/74/689 965/178/689 962/677/689 963/326/689
f 971/74/690 970/325/690 969/76/690 967/364/690
f 966/77/287 969/76/287 968/130/287
f 957/600/288 958/68/288 967/364/288
f 971/74/290 967/364/290 958/68/290 956/363/290
f 976/602/291 972/137/291 974/136/291 977/81/291
f 977/81/292 974/136/292 975/80/292 978/79/292
f 979/603/293 976/602/293 977/81/293 980/82/293
f 983/86/294 973/131/294 981/85/294 984/84/294
f 986/365/295 992/366/295 978/79/295
f 984/84/630 981/85/630 982/187/630 985/331/630
f 992/366/691 986/365/691 984/84/691 985/331/691
f 992/366/632 991/330/632 990/368/632 988/367/632
f 979/603/298 980/82/298 988/367/298
f 992/366/299 988/367/299 980/82/299 978/79/299
f 997/285/300 993/126/300 995/125/300 998/96/300
f 998/96/301 995/125/301 996/95/301 999/370/301
f 1000/604/302 997/285/302 998/96/302 1001/97/302
f 1004/101/303 994/605/303 1002/100/303 1005/99/303
f 1007/369/692 1013/103/692 999/370/692
f 1005/99/693 1002/100/693 1003/194/693 1006/372/693
f 1013/103/694 1007/369/694 1005/99/694 1006/372/694
f 1013/103/695 1012/371/695 1011/105/695 1009/104/695
f 1000/604/308 1001/97/308 1009/104/308
f 1013/103/310 1009/104/310 1001/97/310 999/370/310
f 1017/110/311 1014/201/311 1015/109/311 1018/108/311
f 1014/201/312 1017/110/312 1016/379/312
f 1019/607/313 1016/379/313 1017/110/313 1020/111/313
f 1024/113/696 1021/114/696 1022/375/696 1025/374/696
f 1026/107/315 1032/376/315 1018/108/315
f 1032/376/697 1026/107/697 1024/113/697 1025/374/697
f 1032/376/698 1031/373/698 1030/119/698 1028/377/698
f 1027/207/637 1030/119/637 1029/378/637
f 1019/607/318 1020/111/318 1028/377/318
f 1032/376/319 1028/377/319 1020/111/319 1018/108/319
f 912/161/320 914/124/320 870/134/320 874/300/320
f 913/35/639 912/161/639 874/300/639 877/346/639
f 885/305/547 922/313/547 913/35/547 877/346/547
f 920/42/640 922/357/640 885/665/640 884/16/640
f 911/592/324 920/42/324 884/16/324 886/350/324
f 879/6/699 878/8/699 894/209/699 896/582/699
f 889/139/327 879/349/327 896/590/327 907/159/327
f 886/350/328 889/139/328 907/159/328 906/29/328
f 899/153/329 901/380/329 931/129/329 935/596/329
f 906/29/330 891/589/330 886/350/330
f 900/587/331 899/153/331 935/596/331 938/598/331
f 910/351/332 900/23/332 938/599/332 946/233/332
f 908/30/333 910/351/333 946/233/333 945/62/333
f 891/589/334 908/30/334 945/62/334 947/63/334
f 941/54/335 940/56/335 925/122/335 928/594/335
f 949/635/700 941/54/700 928/594/700 919/356/700
f 947/63/643 949/635/643 919/356/643 918/40/643
f 996/95/701 995/125/701 914/124/701 917/355/701
f 918/40/339 911/592/339 947/63/339
f 924/359/702 1007/369/702 996/95/702 917/355/702
f 1004/101/703 1007/369/703 924/667/703 923/47/703
f 994/605/342 1004/101/342 923/47/342 925/122/342
f 934/597/343 933/128/343 1016/379/343 1019/607/343
f 944/320/344 934/50/344 1019/607/344 1028/377/344
f 942/57/704 944/320/704 1028/377/704 1027/207/704
f 932/123/649 942/57/649 1027/207/649 1029/378/649
f 1022/375/705 1021/114/705 1010/198/705 1012/371/705
f 1003/194/706 1031/373/706 1022/375/706 1012/371/706
f 1029/378/707 1031/373/707 1003/194/707 1002/100/707
f 952/235/350 954/279/350 993/126/350 997/285/350
f 1002/100/651 994/605/651 1029/378/651
f 953/66/351 952/235/351 997/285/351 1000/604/351
f 964/638/708 953/66/708 1000/604/708 1009/104/708
f 961/72/481 964/638/481 1009/104/481 1008/106/481
f 1014/201/354 1016/379/354 972/137/354 976/602/354
f 1015/109/355 1014/201/355 976/602/355 979/603/355
f 1026/107/356 1015/109/356 979/603/356 988/367/356
f 1023/115/357 1026/107/357 988/367/357 987/91/357
f 982/187/652 981/85/652 968/130/652 970/325/652
f 960/327/653 991/330/653 982/187/653 970/325/653
f 989/92/654 991/330/654 960/327/654 959/71/654
f 873/3/361 872/133/361 954/279/361 957/600/361
f 882/619/709 873/3/709 957/600/709 967/364/709
f 880/10/710 882/622/710 967/364/710 966/77/710
f 871/210/364 880/10/364 966/77/364 968/130/364
f 975/80/365 974/136/365 901/380/365 904/588/365
f 986/365/366 975/80/366 904/583/366 893/18/366
f 983/86/367 986/365/367 893/18/367 892/20/367
f 973/131/494 983/86/494 892/20/494 894/209/494
f 870/134/369 914/124/369 993/126/369 954/279/369
f 911/592/370 886/350/370 891/589/370 947/63/370
f 871/210/496 968/130/496 973/131/496 894/209/496
f 972/137/372 1016/379/372 931/129/372 901/380/372
f 994/605/660 925/122/660 932/123/660 1029/378/660
f 1038/643/499 1039/524/499 1036/678/499 1037/658/499
f 1024/113/711 1038/643/711 1037/658/711 1011/105/711
f 1037/658/567 1036/678/567 869/679/567 1033/680/567
f 1011/105/598 1037/658/598 1033/680/598 962/677/598
f 1034/614/599 1035/681/599 1039/524/599 1038/643/599
f 990/368/712 1034/614/712 1038/643/712 1024/113/712
f 1033/680/380 869/679/380 1035/681/380 1034/614/380
f 962/677/381 1033/680/381 1034/614/381 990/368/381
f 962/677/668 990/368/668 989/92/668 959/71/668
f 962/677/603 961/72/603 1008/106/603 1011/105/603
f 990/368/509 1024/113/509 1023/115/509 987/91/509
f 1010/198/385 1021/114/385 1024/113/385 1011/105/385
f 1042/615/386 1041/616/386 1040/617/386 1043/618/386
f 1041/616/511 1036/678/511 1039/524/511 1040/617/511
f 1043/618/388 1035/681/388 869/679/388 1042/615/388
f 1042/615/577 869/679/577 1036/678/577 1041/616/577
f 1040/617/578 1039/524/578 1035/681/578 1043/618/578
usemtl Material.113
f 1050/4/2 1051/381/2 1053/5/2
f 1055/382/3 1057/7/3 1054/8/3
f 1064/383/5 1065/384/5 1055/385/5
f 1061/386/6 1063/15/6 1060/16/6
f 1063/15/7 1064/383/7 1062/217/7
f 1068/387/8 1070/19/8 1067/20/8
f 1077/24/10 1078/25/10 1080/26/10
f 1082/223/11 1084/28/11 1081/29/11
f 1072/31/156 1073/388/156 1082/223/156
f 1089/389/69 1091/36/69 1088/161/69
f 1091/36/70 1092/390/70 1090/391/70
f 1097/39/103 1098/392/103 1100/227/103
f 1102/270/19 1104/46/19 1101/47/19
f 1092/390/104 1093/393/104 1102/394/104
f 1112/51/21 1113/395/21 1115/53/21
f 1117/274/22 1119/55/22 1116/56/22
f 1126/275/24 1127/396/24 1117/274/24
f 1123/397/25 1125/61/25 1122/62/25
f 1125/61/26 1126/275/26 1124/234/26
f 1138/398/27 1132/399/27 1129/66/27
f 1131/67/106 1133/400/106 1130/401/106
f 1131/67/171 1132/399/171 1133/400/171
f 1135/237/29 1137/402/29 1134/71/29
f 1137/402/172 1138/398/172 1136/72/172
f 1144/73/31 1145/403/31 1135/237/31
f 1140/404/32 1142/76/32 1139/77/32
f 1149/184/109 1151/81/109 1148/136/109
f 1166/405/83 1159/406/83 1156/187/83
f 1158/84/84 1159/406/84 1161/188/84
f 1163/407/38 1165/408/38 1162/91/38
f 1165/408/39 1166/405/39 1164/92/39
f 1153/82/87 1154/409/87 1163/407/87
f 1172/96/41 1173/94/41 1175/97/41
f 1177/410/42 1179/99/42 1176/100/42
f 1186/411/112 1187/412/112 1177/410/112
f 1183/104/173 1185/413/173 1182/106/173
f 1185/413/174 1186/411/174 1184/198/174
f 1189/246/94 1191/110/94 1188/201/94
f 1191/110/95 1192/247/95 1190/414/95
f 1197/205/175 1198/415/175 1200/250/175
f 1202/416/114 1204/119/114 1201/207/114
f 1192/247/115 1193/417/115 1202/416/115
f 1069/209/100 1054/8/100 1046/210/100
f 1103/211/53 1116/56/53 1108/123/53
f 1090/391/54 1169/125/54 1167/126/54
f 1190/414/55 1109/128/55 1107/129/55
f 1141/254/57 1155/85/57 1147/131/57
f 1130/401/58 1047/133/58 1045/134/58
f 1076/418/59 1148/136/59 1146/137/59
f 1207/419/176 1211/420/176 1210/421/176
f 1209/422/177 1207/419/177 1044/423/177
f 1049/300/391 1045/134/391 1047/133/391 1050/4/391
f 1050/4/237 1047/133/237 1048/3/237 1051/381/237
f 1051/381/673 1048/3/673 1058/619/673 1059/487/673
f 1052/577/238 1049/300/238 1050/4/238 1053/5/238
f 1056/10/515 1046/210/515 1054/8/515 1057/7/515
f 1059/487/674 1065/682/674 1051/381/674
f 1058/622/713 1056/10/713 1057/7/713 1059/143/713
f 1065/579/675 1059/143/675 1057/7/675 1055/382/675
f 1065/384/242 1064/383/242 1063/15/242 1061/386/242
f 1060/16/243 1063/15/243 1062/217/243
f 1052/577/244 1053/5/244 1061/683/244
f 1065/682/245 1061/683/245 1053/5/245 1051/381/245
f 1071/582/401 1069/209/401 1070/19/401 1072/151/401
f 1067/20/400 1070/19/400 1069/209/400
f 1079/583/248 1080/584/248 1068/387/248
f 1073/585/249 1072/151/249 1070/19/249 1068/387/249
f 1073/585/250 1068/387/250 1080/584/250 1078/586/250
f 1077/24/678 1074/153/678 1075/587/678 1078/25/678
f 1074/153/252 1077/24/252 1076/418/252
f 1078/684/714 1075/23/714 1085/626/714 1086/156/714
f 1079/588/253 1076/418/253 1077/24/253 1080/26/253
f 1083/30/254 1066/589/254 1081/29/254 1084/28/254
f 1086/156/715 1073/388/715 1078/684/715
f 1085/626/406 1083/30/406 1084/28/406 1086/156/406
f 1071/590/257 1072/31/257 1082/223/257
f 1073/388/716 1086/156/716 1084/28/716 1082/223/716
f 1093/393/717 1092/390/717 1091/36/717 1089/389/717
f 1088/161/410 1091/36/410 1090/391/410
f 1099/649/518 1100/498/518 1089/389/518
f 1093/393/519 1089/389/519 1100/498/519 1098/650/519
f 1096/42/261 1087/592/261 1094/40/261 1097/39/261
f 1097/39/520 1094/40/520 1095/651/520 1098/392/520
f 1098/392/521 1095/651/521 1105/594/521 1106/43/521
f 1099/652/522 1096/42/522 1097/39/522 1100/227/522
f 1105/594/265 1103/211/265 1104/46/265 1106/43/265
f 1106/43/523 1093/629/523 1098/392/523
f 1101/47/266 1104/46/266 1103/211/266
f 1093/629/524 1106/43/524 1104/46/524 1102/270/524
f 1111/596/270 1107/129/270 1109/128/270 1112/51/270
f 1112/51/271 1109/128/271 1110/597/271 1113/395/271
f 1113/685/525 1110/50/525 1120/632/525 1121/170/525
f 1114/598/718 1111/596/718 1112/51/718 1115/53/718
f 1118/57/273 1108/123/273 1116/56/273 1119/55/273
f 1121/170/526 1127/396/526 1113/685/526
f 1120/632/420 1118/57/420 1119/55/420 1121/170/420
f 1127/396/527 1121/170/527 1119/55/527 1117/274/527
f 1127/396/276 1126/275/276 1125/61/276 1123/397/276
f 1122/62/277 1125/61/277 1124/234/277
f 1114/599/278 1115/172/278 1123/397/278
f 1127/396/279 1123/397/279 1115/172/279 1113/685/279
f 1131/67/719 1128/235/719 1129/66/719 1132/399/719
f 1128/235/281 1131/67/281 1130/401/281
f 1145/403/720 1138/398/720 1137/402/720 1135/237/720
f 1138/398/284 1145/403/284 1132/399/284
f 1143/601/285 1144/73/285 1135/237/285
f 1143/601/286 1141/254/286 1142/76/286 1144/73/286
f 1139/77/287 1142/76/287 1141/254/287
f 1145/403/289 1144/73/289 1142/76/289 1140/404/289
f 1145/403/721 1140/404/721 1133/400/721 1132/399/721
f 1150/602/291 1146/137/291 1148/136/291 1151/81/291
f 1152/603/293 1150/602/293 1151/81/293 1153/82/293
f 1160/639/433 1161/188/433 1149/184/433
f 1154/409/434 1153/82/434 1151/81/434 1149/184/434
f 1154/409/435 1149/184/435 1161/188/435 1159/406/435
f 1157/86/294 1147/131/294 1155/85/294 1158/84/294
f 1158/84/436 1155/85/436 1156/187/436 1159/406/436
f 1160/639/531 1157/86/531 1158/84/531 1161/188/531
f 1154/409/722 1166/405/722 1165/408/722 1163/407/722
f 1166/405/439 1154/409/439 1159/406/439
f 1152/603/298 1153/82/298 1163/407/298
f 1171/285/300 1167/126/300 1169/125/300 1172/96/300
f 1172/96/301 1169/125/301 1170/95/301 1173/94/301
f 1173/94/723 1170/95/723 1180/640/723 1181/195/723
f 1174/604/724 1171/285/724 1172/96/724 1175/97/724
f 1178/101/303 1168/605/303 1176/100/303 1179/99/303
f 1181/195/534 1187/412/534 1173/94/534
f 1180/640/444 1178/101/444 1179/99/444 1181/195/444
f 1187/412/535 1181/195/535 1179/99/535 1177/410/535
f 1187/412/725 1186/411/725 1185/413/725 1183/104/725
f 1174/604/308 1175/97/308 1183/104/308
f 1187/412/310 1183/104/310 1175/97/310 1173/94/310
f 1193/417/726 1192/247/726 1191/110/726 1189/246/726
f 1188/201/448 1191/110/448 1190/414/448
f 1199/654/538 1200/250/538 1189/246/538
f 1193/417/539 1189/246/539 1200/250/539 1198/415/539
f 1197/205/727 1194/114/727 1195/375/727 1198/415/727
f 1198/415/541 1195/375/541 1205/655/541 1206/656/541
f 1199/654/728 1196/115/728 1197/205/728 1200/250/728
f 1205/655/729 1203/378/729 1204/119/729 1206/656/729
f 1206/656/544 1193/417/544 1198/415/544
f 1201/207/637 1204/119/637 1203/378/637
f 1193/417/546 1206/656/546 1204/119/546 1202/416/546
f 1088/161/320 1090/391/320 1045/134/320 1049/300/320
f 1089/389/454 1088/161/454 1049/300/454 1052/577/454
f 1099/649/547 1089/389/547 1052/577/547 1061/683/547
f 1096/42/548 1099/652/548 1061/386/548 1060/16/548
f 1087/592/324 1096/42/324 1060/16/324 1062/217/324
f 1055/382/699 1054/8/699 1069/209/699 1071/582/699
f 1064/383/327 1055/385/327 1071/590/327 1082/223/327
f 1062/217/328 1064/383/328 1082/223/328 1081/29/328
f 1074/153/329 1076/418/329 1107/129/329 1111/596/329
f 1081/29/330 1066/589/330 1062/217/330
f 1075/587/331 1074/153/331 1111/596/331 1114/598/331
f 1085/626/730 1075/23/730 1114/599/730 1123/397/730
f 1083/30/461 1085/626/461 1123/397/461 1122/62/461
f 1066/589/334 1083/30/334 1122/62/334 1124/234/334
f 1117/274/335 1116/56/335 1103/211/335 1105/594/335
f 1126/275/549 1117/274/549 1105/594/549 1095/651/549
f 1124/234/550 1126/275/550 1095/651/550 1094/40/550
f 1170/95/551 1169/125/551 1090/391/551 1092/390/551
f 1094/40/339 1087/592/339 1124/234/339
f 1180/640/552 1170/95/552 1092/390/552 1102/394/552
f 1178/101/553 1180/640/553 1102/270/553 1101/47/553
f 1168/605/342 1178/101/342 1101/47/342 1103/211/342
f 1110/597/554 1109/128/554 1190/414/554 1192/247/554
f 1120/632/555 1110/50/555 1192/247/555 1202/416/555
f 1118/57/556 1120/632/556 1202/416/556 1201/207/556
f 1108/123/649 1118/57/649 1201/207/649 1203/378/649
f 1195/375/557 1194/114/557 1184/198/557 1186/411/557
f 1205/655/558 1195/375/558 1186/411/558 1177/410/558
f 1203/378/731 1205/655/731 1177/410/731 1176/100/731
f 1128/235/350 1130/401/350 1167/126/350 1171/285/350
f 1176/100/651 1168/605/651 1203/378/651
f 1129/66/351 1128/235/351 1171/285/351 1174/604/351
f 1138/398/352 1129/66/352 1174/604/352 1183/104/352
f 1136/72/353 1138/398/353 1183/104/353 1182/106/353
f 1188/201/354 1190/414/354 1146/137/354 1150/602/354
f 1189/246/482 1188/201/482 1150/602/482 1152/603/482
f 1199/654/561 1189/246/561 1152/603/561 1163/407/561
f 1196/115/562 1199/654/562 1163/407/562 1162/91/562
f 1156/187/484 1155/85/484 1141/254/484 1143/601/484
f 1166/405/485 1156/187/485 1143/601/485 1135/237/485
f 1164/92/360 1166/405/360 1135/237/360 1134/71/360
f 1048/3/732 1047/133/732 1130/401/732 1133/400/732
f 1058/619/733 1048/3/733 1133/400/733 1140/404/733
f 1056/10/710 1058/622/710 1140/404/710 1139/77/710
f 1046/210/364 1056/10/364 1139/77/364 1141/254/364
f 1149/184/734 1148/136/734 1076/418/734 1079/588/734
f 1160/639/735 1149/184/735 1079/583/735 1068/387/735
f 1157/86/736 1160/639/736 1068/387/736 1067/20/736
f 1147/131/494 1157/86/494 1067/20/494 1069/209/494
f 1045/134/369 1090/391/369 1167/126/369 1130/401/369
f 1087/592/370 1062/217/370 1066/589/370 1124/234/370
f 1046/210/496 1141/254/496 1147/131/496 1069/209/496
f 1146/137/372 1190/414/372 1107/129/372 1076/418/372
f 1168/605/660 1103/211/660 1108/123/660 1203/378/660
f 1212/643/737 1213/524/737 1210/421/737 1211/420/737
f 1197/205/738 1212/643/738 1211/420/738 1185/413/738
f 1137/402/739 1185/413/739 1211/420/739 1207/419/739
f 1044/423/740 1207/419/740 1210/421/740
f 1208/686/503 1209/422/503 1213/524/503 1212/643/503
f 1165/408/741 1208/686/741 1212/643/741 1197/205/741
f 1137/402/742 1207/419/742 1208/686/742 1165/408/742
f 1207/419/743 1209/422/743 1208/686/743
f 1165/408/744 1164/92/744 1134/71/744 1137/402/744
f 1137/402/745 1136/72/745 1182/106/745 1185/413/745
f 1165/408/746 1197/205/746 1196/115/746 1162/91/746
f 1194/114/747 1197/205/747 1185/413/747 1184/198/747
f 1216/615/386 1215/616/386 1214/617/386 1217/618/386
f 1215/616/511 1210/421/511 1213/524/511 1214/617/511
f 1217/618/748 1209/422/748 1044/423/748 1216/615/748
f 1216/615/749 1044/423/749 1210/421/749 1215/616/749
f 1214/617/514 1213/524/514 1209/422/514 1217/618/514
usemtl Material.117
f 1224/4/2 1225/424/2 1227/5/2
f 1239/425/178 1232/426/178 1229/141/178
f 1239/425/179 1240/427/179 1232/426/179
f 1236/428/6 1238/15/6 1235/16/6
f 1238/15/7 1239/425/7 1237/145/7
f 1243/429/8 1245/19/8 1242/20/8
f 1245/19/180 1246/430/180 1244/209/180
f 1251/24/10 1252/431/10 1254/26/10
f 1246/432/181 1259/433/181 1256/434/181
f 1246/432/182 1247/435/182 1259/433/182
f 1264/224/69 1266/36/69 1263/161/69
f 1273/436/71 1274/437/71 1264/224/71
f 1270/165/16 1272/39/16 1269/40/16
f 1272/39/17 1273/438/17 1271/42/17
f 1278/46/137 1279/439/137 1281/43/137
f 1285/168/73 1287/51/73 1284/128/73
f 1301/58/183 1295/440/183 1292/441/183
f 1294/55/23 1296/442/23 1293/57/23
f 1294/55/184 1295/440/184 1296/442/184
f 1298/443/25 1300/61/25 1297/62/25
f 1300/61/26 1301/58/26 1299/234/26
f 1289/172/75 1290/444/75 1298/443/75
f 1313/445/27 1306/65/27 1303/66/27
f 1305/67/106 1307/176/106 1304/401/106
f 1305/67/185 1306/65/185 1307/176/185
f 1318/446/142 1312/326/142 1309/327/142
f 1311/447/186 1313/445/186 1310/72/186
f 1318/446/162 1319/448/162 1312/326/162
f 1315/75/32 1317/76/32 1314/77/32
f 1317/76/144 1318/446/144 1316/449/144
f 1325/81/34 1326/329/34 1328/82/34
f 1340/330/146 1333/331/146 1330/187/146
f 1340/330/147 1341/450/147 1333/331/147
f 1337/367/187 1339/451/187 1336/91/187
f 1339/451/188 1340/330/188 1338/92/188
f 1355/452/40 1348/453/40 1345/95/40
f 1347/96/41 1348/453/41 1350/97/41
f 1352/454/42 1354/99/42 1351/100/42
f 1354/99/43 1355/452/43 1353/101/43
f 1361/102/44 1362/103/44 1352/454/44
f 1357/196/91 1359/197/91 1356/106/91
f 1364/200/94 1366/110/94 1363/201/94
f 1374/250/189 1375/455/189 1364/200/189
f 1370/112/190 1372/456/190 1369/114/190
f 1379/119/153 1381/457/153 1378/345/153
f 1379/119/154 1380/458/154 1381/457/154
f 1244/209/100 1228/8/100 1220/210/100
f 1277/211/53 1291/56/53 1283/123/53
f 1265/391/54 1344/125/54 1342/126/54
f 1365/414/55 1284/128/55 1282/129/55
f 1316/449/57 1329/85/57 1321/131/57
f 1304/401/58 1221/133/58 1219/134/58
f 1250/459/59 1322/136/59 1320/137/59
f 1223/300/391 1219/134/391 1221/133/391 1224/4/391
f 1224/4/237 1221/133/237 1222/3/237 1225/424/237
f 1225/424/673 1222/3/673 1233/619/673 1234/487/673
f 1226/577/238 1223/300/238 1224/4/238 1227/5/238
f 1230/10/239 1220/210/239 1228/8/239 1231/7/239
f 1234/487/674 1240/687/674 1225/424/674
f 1231/7/750 1228/8/750 1229/621/750 1232/688/750
f 1233/622/751 1230/10/751 1231/7/751 1234/143/751
f 1240/579/752 1234/143/752 1231/7/752 1232/688/752
f 1240/427/753 1239/425/753 1238/15/753 1236/428/753
f 1235/16/243 1238/15/243 1237/145/243
f 1226/577/244 1227/5/244 1236/147/244
f 1240/687/245 1236/147/245 1227/5/245 1225/424/245
f 1247/585/754 1246/430/754 1245/19/754 1243/429/754
f 1242/20/400 1245/19/400 1244/209/400
f 1253/583/248 1254/584/248 1243/429/248
f 1247/585/250 1243/429/250 1254/584/250 1252/586/250
f 1251/24/678 1248/153/678 1249/587/678 1252/431/678
f 1248/153/252 1251/24/252 1250/459/252
f 1252/689/714 1249/23/714 1260/626/714 1261/156/714
f 1253/588/253 1250/459/253 1251/24/253 1254/26/253
f 1257/30/254 1241/589/254 1255/29/254 1258/28/254
f 1261/156/715 1247/435/715 1252/689/715
f 1258/28/755 1255/29/755 1256/434/755 1259/433/755
f 1260/626/406 1257/30/406 1258/28/406 1261/156/406
f 1247/435/756 1261/156/756 1258/28/756 1259/433/756
f 1267/591/260 1265/391/260 1266/36/260 1268/37/260
f 1263/161/410 1266/36/410 1265/391/410
f 1274/437/757 1268/37/757 1266/36/757 1264/224/757
f 1271/42/261 1262/592/261 1269/40/261 1272/39/261
f 1274/628/411 1273/438/411 1272/39/411 1270/165/411
f 1280/594/264 1281/43/264 1270/165/264
f 1274/628/614 1270/165/614 1281/43/614 1279/439/614
f 1278/46/758 1275/47/758 1276/667/758 1279/439/758
f 1275/47/266 1278/46/266 1277/211/266
f 1279/690/616 1276/359/616 1267/591/616 1268/37/616
f 1280/594/265 1277/211/265 1278/46/265 1281/43/265
f 1286/596/270 1282/129/270 1284/128/270 1287/51/270
f 1268/37/617 1274/437/617 1279/690/617
f 1288/598/718 1286/596/718 1287/51/718 1289/53/718
f 1290/634/416 1289/53/416 1287/51/416 1285/168/416
f 1290/444/618 1285/633/618 1296/442/618 1295/440/618
f 1293/57/273 1283/123/273 1291/56/273 1294/55/273
f 1294/55/418 1291/56/418 1292/441/418 1295/440/418
f 1290/444/759 1301/58/759 1300/61/759 1298/443/759
f 1301/58/760 1290/444/760 1295/440/760
f 1297/62/277 1300/61/277 1299/234/277
f 1288/599/278 1289/172/278 1298/443/278
f 1305/67/719 1302/235/719 1303/66/719 1306/65/719
f 1302/235/281 1305/67/281 1304/401/281
f 1311/447/761 1308/71/761 1309/327/761 1312/326/761
f 1313/445/284 1319/448/284 1306/65/284
f 1319/448/762 1313/445/762 1311/447/762 1312/326/762
f 1319/448/690 1318/446/690 1317/76/690 1315/75/690
f 1314/77/287 1317/76/287 1316/449/287
f 1319/448/721 1315/75/721 1307/176/721 1306/65/721
f 1324/602/291 1320/137/291 1322/136/291 1325/81/291
f 1325/81/292 1322/136/292 1323/80/292 1326/329/292
f 1326/329/628 1323/80/628 1334/639/628 1335/188/628
f 1327/603/293 1324/602/293 1325/81/293 1328/82/293
f 1331/86/294 1321/131/294 1329/85/294 1332/84/294
f 1335/188/629 1341/450/629 1326/329/629
f 1332/84/630 1329/85/630 1330/187/630 1333/331/630
f 1334/639/437 1331/86/437 1332/84/437 1335/188/437
f 1341/450/631 1335/188/631 1332/84/631 1333/331/631
f 1341/450/763 1340/330/763 1339/451/763 1337/367/763
f 1327/603/298 1328/82/298 1337/367/298
f 1341/450/299 1337/367/299 1328/82/299 1326/329/299
f 1346/285/300 1342/126/300 1344/125/300 1347/96/300
f 1347/96/301 1344/125/301 1345/95/301 1348/453/301
f 1349/604/302 1346/285/302 1347/96/302 1350/97/302
f 1353/101/303 1343/605/303 1351/100/303 1354/99/303
f 1355/452/304 1362/103/304 1348/453/304
f 1362/103/305 1355/452/305 1354/99/305 1352/454/305
f 1360/606/306 1361/102/306 1352/454/306
f 1360/606/764 1358/198/764 1359/197/764 1361/102/764
f 1349/604/308 1350/97/308 1357/196/308
f 1362/103/765 1361/102/765 1359/197/765 1357/196/765
f 1362/103/310 1357/196/310 1350/97/310 1348/453/310
f 1367/607/313 1365/414/313 1366/110/313 1368/111/313
f 1363/201/448 1366/110/448 1365/414/448
f 1373/654/538 1374/250/538 1364/200/538
f 1375/455/766 1368/111/766 1366/110/766 1364/200/766
f 1373/654/767 1371/115/767 1372/456/767 1374/250/767
f 1375/455/768 1374/250/768 1372/456/768 1370/112/768
f 1375/455/635 1370/112/635 1381/457/635 1380/458/635
f 1379/119/636 1376/207/636 1377/343/636 1380/458/636
f 1376/207/637 1379/119/637 1378/345/637
f 1380/458/769 1377/343/769 1367/607/769 1368/111/769
f 1263/161/770 1265/391/770 1219/134/770 1223/300/770
f 1368/111/771 1375/455/771 1380/458/771
f 1264/224/454 1263/161/454 1223/300/454 1226/577/454
f 1273/436/455 1264/224/455 1226/577/455 1236/147/455
f 1271/42/323 1273/438/323 1236/428/323 1235/16/323
f 1262/592/324 1271/42/324 1235/16/324 1237/145/324
f 1229/621/772 1228/8/772 1244/209/772 1246/430/772
f 1256/434/773 1239/425/773 1229/141/773 1246/432/773
f 1237/145/774 1239/425/774 1256/434/774 1255/29/774
f 1248/153/329 1250/459/329 1282/129/329 1286/596/329
f 1255/29/330 1241/589/330 1237/145/330
f 1249/587/331 1248/153/331 1286/596/331 1288/598/331
f 1260/626/730 1249/23/730 1288/599/730 1298/443/730
f 1257/30/461 1260/626/461 1298/443/461 1297/62/461
f 1241/589/334 1257/30/334 1297/62/334 1299/234/334
f 1292/441/463 1291/56/463 1277/211/463 1280/594/463
f 1301/58/775 1292/441/775 1280/594/775 1270/165/775
f 1299/234/337 1301/58/337 1270/165/337 1269/40/337
f 1345/95/338 1344/125/338 1265/391/338 1267/591/338
f 1269/40/339 1262/592/339 1299/234/339
f 1355/452/776 1345/95/776 1267/591/776 1276/359/776
f 1353/101/646 1355/452/646 1276/667/646 1275/47/646
f 1343/605/777 1353/101/777 1275/47/777 1277/211/777
f 1285/168/778 1284/128/778 1365/414/778 1367/607/778
f 1296/442/779 1285/633/779 1367/607/779 1377/343/779
f 1293/57/648 1296/442/648 1377/343/648 1376/207/648
f 1283/123/649 1293/57/649 1376/207/649 1378/345/649
f 1370/112/346 1369/114/346 1358/198/346 1360/606/346
f 1381/457/347 1370/112/347 1360/606/347 1352/454/347
f 1378/345/780 1381/457/780 1352/454/780 1351/100/780
f 1302/235/350 1304/401/350 1342/126/350 1346/285/350
f 1351/100/651 1343/605/651 1378/345/651
f 1303/66/351 1302/235/351 1346/285/351 1349/604/351
f 1313/445/352 1303/66/352 1349/604/352 1357/196/352
f 1310/72/353 1313/445/353 1357/196/353 1356/106/353
f 1363/201/354 1365/414/354 1320/137/354 1324/602/354
f 1364/200/482 1363/201/482 1324/602/482 1327/603/482
f 1373/654/561 1364/200/561 1327/603/561 1337/367/561
f 1371/115/562 1373/654/562 1337/367/562 1336/91/562
f 1330/187/652 1329/85/652 1316/449/652 1318/446/652
f 1309/327/653 1340/330/653 1330/187/653 1318/446/653
f 1338/92/654 1340/330/654 1309/327/654 1308/71/654
f 1222/3/732 1221/133/732 1304/401/732 1307/176/732
f 1233/619/733 1222/3/733 1307/176/733 1315/75/733
f 1230/10/710 1233/622/710 1315/75/710 1314/77/710
f 1220/210/364 1230/10/364 1314/77/364 1316/449/364
f 1323/80/365 1322/136/365 1250/459/365 1253/588/365
f 1334/639/781 1323/80/781 1253/583/781 1243/429/781
f 1331/86/736 1334/639/736 1243/429/736 1242/20/736
f 1321/131/494 1331/86/494 1242/20/494 1244/209/494
f 1219/134/369 1265/391/369 1342/126/369 1304/401/369
f 1262/592/370 1237/145/370 1241/589/370 1299/234/370
f 1220/210/496 1316/449/496 1321/131/496 1244/209/496
f 1320/137/372 1365/414/372 1282/129/372 1250/459/372
f 1343/605/660 1277/211/660 1283/123/660 1378/345/660
f 1386/608/374 1387/609/374 1388/610/374 1385/611/374
f 1372/456/782 1387/609/782 1386/608/782 1359/197/782
f 1386/608/783 1385/611/783 1218/645/783 1382/530/783
f 1359/197/784 1386/608/784 1382/530/784 1311/447/784
f 1383/691/785 1384/692/785 1388/610/785 1387/609/785
f 1339/451/786 1383/691/786 1387/609/786 1372/456/786
f 1383/691/505 1382/530/505 1218/645/505 1384/692/505
f 1311/447/787 1382/530/787 1383/691/787 1339/451/787
f 1339/451/788 1338/92/788 1308/71/788 1311/447/788
f 1359/197/574 1311/447/574 1310/72/574 1356/106/574
f 1372/456/789 1371/115/789 1336/91/789 1339/451/789
f 1369/114/790 1372/456/790 1359/197/790 1358/198/790
f 1391/615/386 1390/616/386 1389/617/386 1392/618/386
f 1390/616/387 1385/611/387 1388/610/387 1389/617/387
f 1392/618/512 1384/692/512 1218/645/512 1391/615/512
f 1391/615/791 1218/645/791 1385/611/791 1390/616/791
f 1389/617/792 1388/610/792 1384/692/792 1392/618/792
usemtl Material.121
f 1408/460/1 1400/2/1 1397/3/1
f 1399/4/2 1400/2/2 1402/5/2
f 1413/425/178 1407/426/178 1404/141/178
f 1406/7/4 1408/9/4 1405/10/4
f 1413/425/179 1414/348/179 1407/426/179
f 1410/461/6 1412/15/6 1409/16/6
f 1412/15/7 1413/425/7 1411/462/7
f 1417/463/191 1419/19/191 1416/20/191
f 1419/19/180 1420/430/180 1418/209/180
f 1425/24/10 1426/464/10 1428/26/10
f 1420/432/181 1433/433/181 1430/434/181
f 1420/432/182 1421/465/182 1433/433/182
f 1448/436/14 1441/34/14 1438/35/14
f 1440/36/192 1441/34/192 1443/37/192
f 1445/356/16 1447/39/16 1444/40/16
f 1447/39/17 1448/438/17 1446/42/17
f 1454/43/193 1455/44/193 1445/356/193
f 1450/45/19 1452/46/19 1449/47/19
f 1461/51/21 1462/395/21 1464/53/21
f 1466/466/22 1468/55/22 1465/56/22
f 1475/467/24 1476/59/24 1466/466/24
f 1472/468/25 1474/61/25 1471/62/25
f 1474/61/26 1475/467/26 1473/469/26
f 1488/445/27 1481/65/27 1478/66/27
f 1480/67/28 1481/65/28 1483/68/28
f 1485/237/194 1487/470/194 1484/71/194
f 1487/470/195 1488/445/195 1486/72/195
f 1494/73/31 1495/74/31 1485/237/31
f 1490/364/32 1492/76/32 1489/77/32
f 1501/81/34 1502/329/34 1504/82/34
f 1506/471/35 1508/84/35 1505/85/35
f 1515/240/37 1516/472/37 1506/471/37
f 1512/367/120 1514/473/120 1511/91/120
f 1514/473/196 1515/240/196 1513/92/196
f 1530/452/40 1523/94/40 1520/95/40
f 1522/96/41 1523/94/41 1525/97/41
f 1527/454/42 1529/99/42 1526/100/42
f 1529/99/43 1530/452/43 1528/101/43
f 1536/102/44 1537/103/44 1527/454/44
f 1532/104/45 1534/105/45 1531/106/45
f 1541/110/47 1542/474/47 1544/111/47
f 1546/475/197 1548/476/197 1545/114/197
f 1555/457/50 1556/477/50 1546/475/50
f 1552/377/114 1554/119/114 1551/207/114
f 1554/119/198 1555/457/198 1553/478/198
f 1418/209/100 1403/8/100 1395/210/100
f 1451/122/53 1465/56/53 1457/123/53
f 1439/124/54 1519/125/54 1517/126/54
f 1540/479/55 1458/128/55 1456/129/55
f 1491/449/57 1505/85/57 1497/131/57
f 1479/132/58 1396/133/58 1394/134/58
f 1424/380/59 1498/136/59 1496/137/59
f 1560/421/199 1563/480/199 1564/481/199
f 1561/482/200 1562/483/200 1563/480/200
f 1563/480/201 1558/484/201 1559/485/201
f 1398/300/391 1394/134/391 1396/133/391 1399/4/391
f 1399/4/237 1396/133/237 1397/3/237 1400/2/237
f 1401/577/238 1398/300/238 1399/4/238 1402/5/238
f 1405/10/239 1395/210/239 1403/8/239 1406/7/239
f 1408/460/240 1414/675/240 1400/2/240
f 1406/7/750 1403/8/750 1404/621/750 1407/688/750
f 1414/579/793 1408/9/793 1406/7/793 1407/688/793
f 1414/348/753 1413/425/753 1412/15/753 1410/461/753
f 1409/16/243 1412/15/243 1411/462/243
f 1401/577/244 1402/5/244 1410/147/244
f 1414/675/245 1410/147/245 1402/5/245 1400/2/245
f 1421/585/754 1420/430/754 1419/19/754 1417/463/754
f 1416/20/400 1419/19/400 1418/209/400
f 1427/583/248 1428/584/248 1417/463/248
f 1421/585/250 1417/463/250 1428/584/250 1426/586/250
f 1425/24/678 1422/153/678 1423/587/678 1426/464/678
f 1422/153/252 1425/24/252 1424/380/252
f 1426/693/714 1423/23/714 1434/626/714 1435/156/714
f 1427/588/253 1424/380/253 1425/24/253 1428/26/253
f 1431/30/254 1415/589/254 1429/29/254 1432/28/254
f 1435/156/715 1421/465/715 1426/693/715
f 1432/28/755 1429/29/755 1430/434/755 1433/433/755
f 1434/626/406 1431/30/406 1432/28/406 1435/156/406
f 1421/465/756 1435/156/756 1432/28/756 1433/433/756
f 1440/36/258 1437/161/258 1438/35/258 1441/34/258
f 1437/161/410 1440/36/410 1439/124/410
f 1442/591/260 1439/124/260 1440/36/260 1443/37/260
f 1446/42/261 1436/592/261 1444/40/261 1447/39/261
f 1448/436/262 1455/593/262 1441/34/262
f 1455/44/263 1448/438/263 1447/39/263 1445/356/263
f 1453/594/264 1454/43/264 1445/356/264
f 1453/594/265 1451/122/265 1452/46/265 1454/43/265
f 1449/47/266 1452/46/266 1451/122/266
f 1442/591/267 1443/37/267 1450/694/267
f 1455/44/268 1454/43/268 1452/46/268 1450/45/268
f 1455/593/269 1450/694/269 1443/37/269 1441/34/269
f 1460/596/270 1456/129/270 1458/128/270 1461/51/270
f 1461/51/271 1458/128/271 1459/597/271 1462/395/271
f 1462/695/525 1459/50/525 1469/632/525 1470/170/525
f 1463/598/718 1460/596/718 1461/51/718 1464/53/718
f 1467/57/273 1457/123/273 1465/56/273 1468/55/273
f 1470/170/526 1476/59/526 1462/695/526
f 1469/632/420 1467/57/420 1468/55/420 1470/170/420
f 1476/59/527 1470/170/527 1468/55/527 1466/466/527
f 1476/59/276 1475/467/276 1474/61/276 1472/468/276
f 1471/62/277 1474/61/277 1473/469/277
f 1463/599/278 1464/172/278 1472/468/278
f 1476/59/279 1472/468/279 1464/172/279 1462/695/279
f 1480/67/719 1477/235/719 1478/66/719 1481/65/719
f 1477/235/281 1480/67/281 1479/132/281
f 1482/600/282 1479/132/282 1480/67/282 1483/68/282
f 1495/74/794 1488/445/794 1487/470/794 1485/237/794
f 1488/445/795 1495/74/795 1481/65/795
f 1493/601/285 1494/73/285 1485/237/285
f 1493/601/286 1491/449/286 1492/76/286 1494/73/286
f 1489/77/287 1492/76/287 1491/449/287
f 1482/600/288 1483/68/288 1490/364/288
f 1495/74/289 1494/73/289 1492/76/289 1490/364/289
f 1495/74/290 1490/364/290 1483/68/290 1481/65/290
f 1500/602/291 1496/137/291 1498/136/291 1501/81/291
f 1501/81/292 1498/136/292 1499/80/292 1502/329/292
f 1502/329/628 1499/80/628 1509/639/628 1510/188/628
f 1503/603/293 1500/602/293 1501/81/293 1504/82/293
f 1507/86/294 1497/131/294 1505/85/294 1508/84/294
f 1510/188/629 1516/472/629 1502/329/629
f 1509/639/437 1507/86/437 1508/84/437 1510/188/437
f 1516/472/796 1510/188/796 1508/84/796 1506/471/796
f 1516/472/532 1515/240/532 1514/473/532 1512/367/532
f 1503/603/298 1504/82/298 1512/367/298
f 1516/472/299 1512/367/299 1504/82/299 1502/329/299
f 1521/285/300 1517/126/300 1519/125/300 1522/96/300
f 1522/96/301 1519/125/301 1520/95/301 1523/94/301
f 1524/604/724 1521/285/724 1522/96/724 1525/97/724
f 1528/101/303 1518/605/303 1526/100/303 1529/99/303
f 1530/452/304 1537/103/304 1523/94/304
f 1537/103/305 1530/452/305 1529/99/305 1527/454/305
f 1535/606/306 1536/102/306 1527/454/306
f 1535/606/307 1533/198/307 1534/105/307 1536/102/307
f 1524/604/308 1525/97/308 1532/104/308
f 1537/103/309 1536/102/309 1534/105/309 1532/104/309
f 1537/103/310 1532/104/310 1525/97/310 1523/94/310
f 1541/110/311 1538/201/311 1539/109/311 1542/474/311
f 1538/201/448 1541/110/448 1540/479/448
f 1542/474/797 1539/109/797 1549/654/797 1550/250/797
f 1543/607/313 1540/479/313 1541/110/313 1544/111/313
f 1549/654/589 1547/115/589 1548/476/589 1550/250/589
f 1550/250/798 1556/477/798 1542/474/798
f 1556/477/799 1550/250/799 1548/476/799 1546/475/799
f 1556/477/316 1555/457/316 1554/119/316 1552/377/316
f 1551/207/637 1554/119/637 1553/478/637
f 1543/607/318 1544/111/318 1552/377/318
f 1556/477/319 1552/377/319 1544/111/319 1542/474/319
f 1437/161/320 1439/124/320 1394/134/320 1398/300/320
f 1438/35/321 1437/161/321 1398/300/321 1401/577/321
f 1448/436/322 1438/35/322 1401/577/322 1410/147/322
f 1446/42/323 1448/438/323 1410/461/323 1409/16/323
f 1436/592/324 1446/42/324 1409/16/324 1411/462/324
f 1404/621/772 1403/8/772 1418/209/772 1420/430/772
f 1430/434/773 1413/425/773 1404/141/773 1420/432/773
f 1411/462/774 1413/425/774 1430/434/774 1429/29/774
f 1422/153/329 1424/380/329 1456/129/329 1460/596/329
f 1429/29/330 1415/589/330 1411/462/330
f 1423/587/331 1422/153/331 1460/596/331 1463/598/331
f 1434/626/730 1423/23/730 1463/599/730 1472/468/730
f 1431/30/461 1434/626/461 1472/468/461 1471/62/461
f 1415/589/334 1431/30/334 1471/62/334 1473/469/334
f 1466/466/335 1465/56/335 1451/122/335 1453/594/335
f 1475/467/336 1466/466/336 1453/594/336 1445/356/336
f 1473/469/337 1475/467/337 1445/356/337 1444/40/337
f 1520/95/338 1519/125/338 1439/124/338 1442/591/338
f 1444/40/339 1436/592/339 1473/469/339
f 1530/452/340 1520/95/340 1442/591/340 1450/694/340
f 1528/101/341 1530/452/341 1450/45/341 1449/47/341
f 1518/605/342 1528/101/342 1449/47/342 1451/122/342
f 1459/597/343 1458/128/343 1540/479/343 1543/607/343
f 1469/632/800 1459/50/800 1543/607/800 1552/377/800
f 1467/57/556 1469/632/556 1552/377/556 1551/207/556
f 1457/123/649 1467/57/649 1551/207/649 1553/478/649
f 1546/475/346 1545/114/346 1533/198/346 1535/606/346
f 1555/457/347 1546/475/347 1535/606/347 1527/454/347
f 1553/478/780 1555/457/780 1527/454/780 1526/100/780
f 1477/235/350 1479/132/350 1517/126/350 1521/285/350
f 1526/100/651 1518/605/651 1553/478/651
f 1478/66/351 1477/235/351 1521/285/351 1524/604/351
f 1488/445/352 1478/66/352 1524/604/352 1532/104/352
f 1486/72/353 1488/445/353 1532/104/353 1531/106/353
f 1538/201/354 1540/479/354 1496/137/354 1500/602/354
f 1539/109/355 1538/201/355 1500/602/355 1503/603/355
f 1549/654/801 1539/109/801 1503/603/801 1512/367/801
f 1547/115/562 1549/654/562 1512/367/562 1511/91/562
f 1506/471/358 1505/85/358 1491/449/358 1493/601/358
f 1515/240/359 1506/471/359 1493/601/359 1485/237/359
f 1513/92/360 1515/240/360 1485/237/360 1484/71/360
f 1397/3/361 1396/133/361 1479/132/361 1482/600/361
f 1408/460/362 1397/3/362 1482/600/362 1490/364/362
f 1405/10/363 1408/9/363 1490/364/363 1489/77/363
f 1395/210/364 1405/10/364 1489/77/364 1491/449/364
f 1499/80/365 1498/136/365 1424/380/365 1427/588/365
f 1509/639/781 1499/80/781 1427/583/781 1417/463/781
f 1507/86/736 1509/639/736 1417/463/736 1416/20/736
f 1497/131/494 1507/86/494 1416/20/494 1418/209/494
f 1394/134/369 1439/124/369 1517/126/369 1479/132/369
f 1436/592/370 1411/462/370 1415/589/370 1473/469/370
f 1395/210/496 1491/449/496 1497/131/496 1418/209/496
f 1496/137/372 1540/479/372 1456/129/372 1424/380/372
f 1518/605/660 1451/122/660 1457/123/660 1553/478/660
f 1548/476/802 1562/483/802 1561/482/802 1534/105/802
f 1560/421/803 1561/482/803 1563/480/803
f 1561/482/804 1560/421/804 1393/659/804 1557/696/804
f 1534/105/805 1561/482/805 1557/696/805 1487/470/805
f 1514/473/806 1558/484/806 1562/483/806 1548/476/806
f 1564/481/807 1563/480/807 1559/485/807
f 1558/484/808 1563/480/808 1562/483/808
f 1557/696/809 1393/659/809 1559/485/809 1558/484/809
f 1514/473/810 1487/470/810 1557/696/810 1558/484/810
f 1487/470/811 1514/473/811 1513/92/811 1484/71/811
f 1487/470/812 1486/72/812 1531/106/812 1534/105/812
f 1548/476/813 1547/115/813 1511/91/813 1514/473/813
f 1533/198/605 1545/114/605 1548/476/605 1534/105/605
f 1567/615/386 1566/616/386 1565/617/386 1568/618/386
f 1566/616/814 1560/421/814 1564/481/814 1565/617/814
f 1568/618/388 1559/485/388 1393/659/388 1567/615/388
f 1567/615/577 1393/659/577 1560/421/577 1566/616/577
f 1565/617/815 1564/481/815 1559/485/815 1568/618/815
usemtl Material.125
f 1573/486/60 1575/4/60 1572/133/60
f 1583/487/202 1584/488/202 1573/486/202
f 1579/489/203 1581/7/203 1578/8/203
f 1588/15/7 1590/383/7 1587/217/7
f 1588/15/204 1589/490/204 1590/383/204
f 1603/219/64 1596/491/64 1593/150/64
f 1595/19/65 1596/491/65 1598/151/65
f 1600/492/205 1602/24/205 1599/153/205
f 1602/24/102 1603/154/102 1601/418/102
f 1608/493/206 1609/263/206 1600/494/206
f 1605/223/11 1607/28/11 1604/29/11
f 1607/28/12 1608/493/12 1606/30/12
f 1612/495/69 1614/36/69 1611/161/69
f 1614/36/207 1615/496/207 1613/497/207
f 1621/498/208 1622/499/208 1612/495/208
f 1617/356/16 1619/39/16 1616/40/16
f 1615/496/209 1627/500/209 1624/359/209
f 1626/46/137 1627/318/137 1629/43/137
f 1643/501/20 1636/502/20 1633/50/20
f 1635/51/21 1636/503/21 1638/53/21
f 1640/274/22 1642/55/22 1639/56/22
f 1642/55/23 1643/501/23 1641/57/23
f 1648/275/24 1649/504/24 1640/274/24
f 1645/60/25 1647/61/25 1644/62/25
f 1647/61/26 1648/275/26 1646/234/26
f 1651/505/210 1653/67/210 1650/235/210
f 1661/178/78 1662/506/78 1651/505/78
f 1657/237/118 1659/507/118 1656/71/118
f 1666/76/81 1667/508/81 1669/73/81
f 1673/509/109 1675/81/109 1672/136/109
f 1683/188/211 1684/510/211 1673/509/211
f 1679/511/35 1681/84/35 1678/85/35
f 1688/512/121 1690/405/121 1687/92/121
f 1688/512/212 1689/513/212 1690/405/212
f 1696/96/41 1697/514/41 1699/97/41
f 1701/287/42 1703/99/42 1700/100/42
f 1710/515/112 1711/244/112 1701/287/112
f 1707/516/150 1709/517/150 1706/106/150
f 1709/517/213 1710/515/213 1708/198/213
f 1713/518/94 1715/110/94 1712/201/94
f 1715/110/95 1716/247/95 1714/414/95
f 1721/519/214 1723/107/214 1720/115/214
f 1721/519/215 1722/520/215 1723/107/215
f 1725/251/114 1727/119/114 1724/207/114
f 1716/247/115 1717/417/115 1725/251/115
f 1594/209/100 1578/8/100 1571/210/100
f 1625/211/53 1639/56/53 1631/123/53
f 1613/497/54 1693/125/54 1691/126/54
f 1714/414/55 1632/128/55 1630/129/55
f 1665/254/57 1678/85/57 1671/131/57
f 1652/521/58 1572/133/58 1570/134/58
f 1601/418/59 1672/136/59 1670/137/59
f 1735/522/216 1736/523/216 1737/524/216
f 1734/525/217 1569/526/217 1735/522/217
f 1737/524/218 1732/527/218 1733/528/218
f 1736/523/219 1731/529/219 1732/527/219
f 1569/526/220 1732/527/220 1730/530/220
f 1574/300/391 1570/134/391 1572/133/391 1575/4/391
f 1576/577/238 1574/300/238 1575/4/238 1577/5/238
f 1582/619/816 1583/487/816 1573/486/816
f 1584/488/817 1577/5/817 1575/4/817 1573/486/817
f 1580/10/239 1571/210/239 1578/8/239 1581/7/239
f 1582/622/713 1580/10/713 1581/7/713 1583/143/713
f 1584/579/818 1583/143/818 1581/7/818 1579/489/818
f 1584/697/819 1579/698/819 1590/383/819 1589/490/819
f 1588/15/820 1585/16/820 1586/665/820 1589/490/820
f 1585/16/243 1588/15/243 1587/217/243
f 1589/699/821 1586/305/821 1576/577/821 1577/5/821
f 1595/19/399 1592/20/399 1593/150/399 1596/491/399
f 1577/5/822 1584/488/822 1589/699/822
f 1592/20/400 1595/19/400 1594/209/400
f 1597/582/401 1594/209/401 1595/19/401 1598/151/401
f 1609/625/404 1603/154/404 1602/24/404 1600/492/404
f 1603/219/403 1609/586/403 1596/491/403
f 1599/153/252 1602/24/252 1601/418/252
f 1606/30/254 1591/589/254 1604/29/254 1607/28/254
f 1609/263/823 1608/493/823 1607/28/823 1605/223/823
f 1597/590/257 1598/31/257 1605/223/257
f 1609/263/408 1605/223/408 1598/31/408 1596/627/408
f 1622/499/409 1615/496/409 1614/36/409 1612/495/409
f 1611/161/259 1614/36/259 1613/497/259
f 1620/649/518 1621/498/518 1612/495/518
f 1618/42/261 1610/592/261 1616/40/261 1619/39/261
f 1620/652/522 1618/42/522 1619/39/522 1621/227/522
f 1628/594/264 1629/43/264 1617/356/264
f 1622/628/824 1621/227/824 1619/39/824 1617/356/824
f 1622/628/614 1617/356/614 1629/43/614 1627/318/614
f 1626/46/615 1623/47/615 1624/667/615 1627/318/615
f 1623/47/266 1626/46/266 1625/211/266
f 1628/594/265 1625/211/265 1626/46/265 1629/43/265
f 1634/596/270 1630/129/270 1632/128/270 1635/51/270
f 1615/496/825 1622/499/825 1627/500/825
f 1635/51/271 1632/128/271 1633/597/271 1636/503/271
f 1637/598/272 1634/596/272 1635/51/272 1638/53/272
f 1641/57/273 1631/123/273 1639/56/273 1642/55/273
f 1643/501/274 1649/504/274 1636/502/274
f 1649/504/275 1643/501/275 1642/55/275 1640/274/275
f 1649/504/276 1648/275/276 1647/61/276 1645/60/276
f 1644/62/277 1647/61/277 1646/234/277
f 1637/599/278 1638/172/278 1645/60/278
f 1649/504/279 1645/60/279 1638/172/279 1636/502/279
f 1654/600/826 1652/521/826 1653/67/826 1655/68/826
f 1650/235/686 1653/67/686 1652/521/686
f 1660/638/427 1661/178/427 1651/505/427
f 1662/506/827 1655/68/827 1653/67/827 1651/505/827
f 1660/638/624 1658/72/624 1659/507/624 1661/178/624
f 1668/601/285 1669/73/285 1657/237/285
f 1662/506/828 1661/178/828 1659/507/828 1657/237/828
f 1662/506/430 1657/237/430 1669/73/430 1667/508/430
f 1666/76/431 1663/77/431 1664/183/431 1667/508/431
f 1663/77/287 1666/76/287 1665/254/287
f 1667/508/829 1664/183/829 1654/600/829 1655/68/829
f 1668/601/286 1665/254/286 1666/76/286 1669/73/286
f 1674/602/291 1670/137/291 1672/136/291 1675/81/291
f 1655/68/830 1662/506/830 1667/508/830
f 1676/603/293 1674/602/293 1675/81/293 1677/82/293
f 1682/639/433 1683/188/433 1673/509/433
f 1684/510/831 1677/82/831 1675/81/831 1673/509/831
f 1680/86/530 1671/131/530 1678/85/530 1681/84/530
f 1682/639/531 1680/86/531 1681/84/531 1683/188/531
f 1684/510/832 1683/188/832 1681/84/832 1679/511/832
f 1684/510/833 1679/511/833 1690/405/833 1689/513/833
f 1688/512/834 1685/91/834 1686/700/834 1689/513/834
f 1689/513/835 1686/700/835 1676/603/835 1677/82/835
f 1695/285/300 1691/126/300 1693/125/300 1696/96/300
f 1677/82/836 1684/510/836 1689/513/836
f 1696/96/837 1693/125/837 1694/95/837 1697/514/837
f 1697/514/533 1694/95/533 1704/640/533 1705/195/533
f 1698/604/302 1695/285/302 1696/96/302 1699/97/302
f 1702/101/303 1692/605/303 1700/100/303 1703/99/303
f 1705/195/534 1711/244/534 1697/514/534
f 1704/640/838 1702/101/838 1703/99/838 1705/195/838
f 1711/244/535 1705/195/535 1703/99/535 1701/287/535
f 1711/244/445 1710/515/445 1709/517/445 1707/516/445
f 1698/604/308 1699/97/308 1707/516/308
f 1711/244/310 1707/516/310 1699/97/310 1697/514/310
f 1717/417/839 1716/247/839 1715/110/839 1713/518/839
f 1712/201/448 1715/110/448 1714/414/448
f 1717/417/840 1713/518/840 1723/107/840 1722/520/840
f 1721/519/841 1718/114/841 1719/375/841 1722/520/841
f 1722/520/541 1719/375/541 1728/655/541 1729/656/541
f 1728/655/729 1726/378/729 1727/119/729 1729/656/729
f 1729/656/544 1717/417/544 1722/520/544
f 1724/207/637 1727/119/637 1726/378/637
f 1717/417/546 1729/656/546 1727/119/546 1725/251/546
f 1611/161/320 1613/497/320 1570/134/320 1574/300/320
f 1612/495/454 1611/161/454 1574/300/454 1576/577/454
f 1620/649/842 1612/495/842 1576/577/842 1586/305/842
f 1618/42/843 1620/652/843 1586/665/843 1585/16/843
f 1610/592/324 1618/42/324 1585/16/324 1587/217/324
f 1579/489/699 1578/8/699 1594/209/699 1597/582/699
f 1590/383/327 1579/698/327 1597/590/327 1605/223/327
f 1587/217/328 1590/383/328 1605/223/328 1604/29/328
f 1599/153/329 1601/418/329 1630/129/329 1634/596/329
f 1604/29/330 1591/589/330 1587/217/330
f 1600/492/459 1599/153/459 1634/596/459 1637/598/459
f 1608/493/844 1600/494/844 1637/599/844 1645/60/844
f 1606/30/333 1608/493/333 1645/60/333 1644/62/333
f 1591/589/334 1606/30/334 1644/62/334 1646/234/334
f 1640/274/335 1639/56/335 1625/211/335 1628/594/335
f 1648/275/336 1640/274/336 1628/594/336 1617/356/336
f 1646/234/337 1648/275/337 1617/356/337 1616/40/337
f 1694/95/551 1693/125/551 1613/497/551 1615/496/551
f 1616/40/339 1610/592/339 1646/234/339
f 1704/640/845 1694/95/845 1615/496/845 1624/359/845
f 1702/101/846 1704/640/846 1624/667/846 1623/47/846
f 1692/605/342 1702/101/342 1623/47/342 1625/211/342
f 1633/597/554 1632/128/554 1714/414/554 1716/247/554
f 1643/501/847 1633/50/847 1716/247/847 1725/251/847
f 1641/57/704 1643/501/704 1725/251/704 1724/207/704
f 1631/123/649 1641/57/649 1724/207/649 1726/378/649
f 1719/375/557 1718/114/557 1708/198/557 1710/515/557
f 1728/655/558 1719/375/558 1710/515/558 1701/287/558
f 1726/378/731 1728/655/731 1701/287/731 1700/100/731
f 1650/235/350 1652/521/350 1691/126/350 1695/285/350
f 1700/100/651 1692/605/651 1726/378/651
f 1651/505/560 1650/235/560 1695/285/560 1698/604/560
f 1660/638/480 1651/505/480 1698/604/480 1707/516/480
f 1658/72/481 1660/638/481 1707/516/481 1706/106/481
f 1712/201/848 1714/414/848 1670/137/848 1674/602/848
f 1713/518/482 1712/201/482 1674/602/482 1676/603/482
f 1723/107/849 1713/518/849 1676/603/849 1686/700/849
f 1720/115/850 1723/107/850 1686/700/850 1685/91/850
f 1679/511/358 1678/85/358 1665/254/358 1668/601/358
f 1690/405/359 1679/511/359 1668/601/359 1657/237/359
f 1687/92/360 1690/405/360 1657/237/360 1656/71/360
f 1573/486/851 1572/133/851 1652/521/851 1654/600/851
f 1582/619/852 1573/486/852 1654/600/852 1664/183/852
f 1580/10/489 1582/622/489 1664/183/489 1663/77/489
f 1571/210/364 1580/10/364 1663/77/364 1665/254/364
f 1673/509/564 1672/136/564 1601/418/564 1603/154/564
f 1682/639/492 1673/509/492 1603/219/492 1593/150/492
f 1680/86/493 1682/639/493 1593/150/493 1592/20/493
f 1671/131/494 1680/86/494 1592/20/494 1594/209/494
f 1570/134/369 1613/497/369 1691/126/369 1652/521/369
f 1610/592/370 1587/217/370 1591/589/370 1646/234/370
f 1571/210/496 1665/254/496 1671/131/496 1594/209/496
f 1670/137/372 1714/414/372 1630/129/372 1601/418/372
f 1692/605/660 1625/211/660 1631/123/660 1726/378/660
f 1709/517/853 1721/519/853 1736/523/853 1735/522/853
f 1734/525/854 1735/522/854 1737/524/854
f 1709/517/855 1735/522/855 1730/530/855 1659/507/855
f 1569/526/856 1730/530/856 1735/522/856
f 1721/519/857 1688/512/857 1731/529/857 1736/523/857
f 1737/524/858 1736/523/858 1732/527/858
f 1659/507/859 1730/530/859 1731/529/859 1688/512/859
f 1733/528/860 1732/527/860 1569/526/860
f 1730/530/861 1732/527/861 1731/529/861
f 1659/507/862 1688/512/862 1687/92/862 1656/71/862
f 1659/507/863 1658/72/863 1706/106/863 1709/517/863
f 1721/519/864 1720/115/864 1685/91/864 1688/512/864
f 1718/114/865 1721/519/865 1709/517/865 1708/198/865
f 1740/615/386 1739/616/386 1738/617/386 1741/618/386
f 1739/616/866 1734/525/866 1737/524/866 1738/617/866
f 1741/618/867 1733/528/867 1569/526/867 1740/615/867
f 1740/615/868 1569/526/868 1734/525/868 1739/616/868
f 1738/617/869 1737/524/869 1733/528/869 1741/618/869
usemtl Material.129
f 1748/4/2 1749/531/2 1751/5/2
f 1763/425/178 1756/426/178 1753/141/178
f 1763/425/179 1764/532/179 1756/426/179
f 1760/533/6 1762/15/6 1759/16/6
f 1762/15/7 1763/425/7 1761/534/7
f 1769/19/180 1771/430/180 1768/209/180
f 1769/19/221 1770/307/221 1771/430/221
f 1773/535/205 1775/24/205 1772/153/205
f 1783/536/206 1784/263/206 1773/537/206
f 1771/432/181 1782/433/181 1779/434/181
f 1781/28/12 1783/536/12 1780/30/12
f 1787/538/222 1789/36/222 1786/161/222
f 1797/498/208 1798/539/208 1787/538/208
f 1793/540/16 1795/39/16 1792/40/16
f 1802/46/223 1804/541/223 1801/211/223
f 1802/46/224 1803/542/224 1804/541/224
f 1818/48/20 1811/502/20 1808/50/20
f 1810/51/21 1811/503/21 1813/53/21
f 1815/466/22 1817/55/22 1814/56/22
f 1817/55/23 1818/48/23 1816/57/23
f 1823/58/24 1824/543/24 1815/466/24
f 1820/60/25 1822/61/25 1819/62/25
f 1822/61/26 1823/58/26 1821/234/26
f 1826/544/105 1828/67/105 1825/235/105
f 1837/178/78 1838/545/78 1826/544/78
f 1844/546/142 1835/326/142 1832/327/142
f 1842/76/144 1844/546/144 1841/449/144
f 1842/76/145 1843/547/145 1844/546/145
f 1848/548/225 1850/81/225 1847/136/225
f 1864/330/146 1858/331/146 1855/187/146
f 1857/84/36 1859/549/36 1856/86/36
f 1864/330/147 1865/550/147 1858/331/147
f 1861/89/226 1863/368/226 1860/91/226
f 1863/368/148 1864/330/148 1862/92/148
f 1871/96/41 1872/514/41 1874/97/41
f 1876/454/42 1878/99/42 1875/100/42
f 1885/551/112 1886/552/112 1876/454/112
f 1882/516/227 1884/553/227 1881/106/227
f 1884/553/228 1885/551/228 1883/198/228
f 1888/246/94 1890/110/94 1887/201/94
f 1897/554/96 1898/341/96 1888/246/96
f 1894/112/229 1896/555/229 1893/114/229
f 1896/555/98 1897/554/98 1895/115/98
f 1902/119/153 1904/457/153 1901/345/153
f 1902/119/154 1903/556/154 1904/457/154
f 1768/209/100 1752/8/100 1744/210/100
f 1801/211/53 1814/56/53 1806/123/53
f 1788/497/54 1868/125/54 1866/126/54
f 1889/414/55 1807/128/55 1805/129/55
f 1841/449/57 1854/85/57 1846/131/57
f 1827/557/58 1745/133/58 1743/134/58
f 1774/558/230 1847/136/230 1845/137/230
f 1747/300/391 1743/134/391 1745/133/391 1748/4/391
f 1748/4/237 1745/133/237 1746/3/237 1749/531/237
f 1749/531/673 1746/3/673 1757/619/673 1758/487/673
f 1750/577/238 1747/300/238 1748/4/238 1751/5/238
f 1754/10/239 1744/210/239 1752/8/239 1755/7/239
f 1758/487/674 1764/701/674 1749/531/674
f 1755/7/750 1752/8/750 1753/621/750 1756/688/750
f 1757/622/751 1754/10/751 1755/7/751 1758/143/751
f 1764/579/752 1758/143/752 1755/7/752 1756/688/752
f 1764/532/753 1763/425/753 1762/15/753 1760/533/753
f 1759/16/243 1762/15/243 1761/534/243
f 1750/577/244 1751/5/244 1760/260/244
f 1764/701/245 1760/260/245 1751/5/245 1749/531/245
f 1769/19/399 1766/20/399 1767/150/399 1770/307/399
f 1766/20/400 1769/19/400 1768/209/400
f 1770/307/870 1767/150/870 1776/583/870 1777/584/870
f 1776/588/871 1774/558/871 1775/24/871 1777/26/871
f 1777/584/872 1784/586/872 1770/307/872
f 1772/153/873 1775/24/873 1774/558/873
f 1784/625/874 1777/26/874 1775/24/874 1773/535/874
f 1780/30/254 1765/589/254 1778/29/254 1781/28/254
f 1781/28/755 1778/29/755 1779/434/755 1782/433/755
f 1784/263/875 1783/536/875 1781/28/875 1782/433/875
f 1784/263/876 1782/433/876 1771/432/876 1770/627/876
f 1790/591/877 1788/497/877 1789/36/877 1791/37/877
f 1786/161/259 1789/36/259 1788/497/259
f 1796/649/518 1797/498/518 1787/538/518
f 1798/539/757 1791/37/757 1789/36/757 1787/538/757
f 1794/42/261 1785/592/261 1792/40/261 1795/39/261
f 1796/652/522 1794/42/522 1795/39/522 1797/227/522
f 1798/628/824 1797/227/824 1795/39/824 1793/540/824
f 1798/628/878 1793/540/878 1804/541/878 1803/542/878
f 1802/46/615 1799/47/615 1800/667/615 1803/542/615
f 1799/47/266 1802/46/266 1801/211/266
f 1803/702/616 1800/359/616 1790/591/616 1791/37/616
f 1809/596/270 1805/129/270 1807/128/270 1810/51/270
f 1791/37/617 1798/539/617 1803/702/617
f 1810/51/271 1807/128/271 1808/597/271 1811/503/271
f 1812/598/272 1809/596/272 1810/51/272 1813/53/272
f 1816/57/273 1806/123/273 1814/56/273 1817/55/273
f 1818/48/274 1824/543/274 1811/502/274
f 1824/543/275 1818/48/275 1817/55/275 1815/466/275
f 1824/543/276 1823/58/276 1822/61/276 1820/60/276
f 1819/62/277 1822/61/277 1821/234/277
f 1812/599/278 1813/172/278 1820/60/278
f 1824/543/279 1820/60/279 1813/172/279 1811/502/279
f 1829/600/826 1827/557/826 1828/67/826 1830/68/826
f 1825/235/879 1828/67/879 1827/557/879
f 1836/638/427 1837/178/427 1826/544/427
f 1838/545/827 1830/68/827 1828/67/827 1826/544/827
f 1834/181/880 1831/71/880 1832/327/880 1835/326/880
f 1836/638/428 1833/72/428 1834/181/428 1837/178/428
f 1838/545/881 1837/178/881 1834/181/881 1835/326/881
f 1838/545/626 1835/326/626 1844/546/626 1843/547/626
f 1842/76/431 1839/77/431 1840/183/431 1843/547/431
f 1839/77/287 1842/76/287 1841/449/287
f 1843/547/882 1840/183/882 1829/600/882 1830/68/882
f 1849/602/291 1845/137/291 1847/136/291 1850/81/291
f 1830/68/830 1838/545/830 1843/547/830
f 1851/603/293 1849/602/293 1850/81/293 1852/82/293
f 1853/703/883 1852/82/883 1850/81/883 1848/548/883
f 1853/703/884 1848/548/884 1859/549/884 1865/550/884
f 1856/86/294 1846/131/294 1854/85/294 1857/84/294
f 1857/84/630 1854/85/630 1855/187/630 1858/331/630
f 1865/550/691 1859/549/691 1857/84/691 1858/331/691
f 1865/550/632 1864/330/632 1863/368/632 1861/89/632
f 1851/603/298 1852/82/298 1861/89/298
f 1865/550/885 1861/89/885 1852/82/885 1853/703/885
f 1870/285/886 1866/126/886 1868/125/886 1871/96/886
f 1871/96/837 1868/125/837 1869/95/837 1872/514/837
f 1872/514/533 1869/95/533 1879/640/533 1880/195/533
f 1873/604/302 1870/285/302 1871/96/302 1874/97/302
f 1877/101/303 1867/605/303 1875/100/303 1878/99/303
f 1880/195/534 1886/552/534 1872/514/534
f 1879/640/838 1877/101/838 1878/99/838 1880/195/838
f 1886/552/535 1880/195/535 1878/99/535 1876/454/535
f 1886/552/887 1885/551/887 1884/553/887 1882/516/887
f 1873/604/308 1874/97/308 1882/516/308
f 1886/552/310 1882/516/310 1874/97/310 1872/514/310
f 1891/607/313 1889/414/313 1890/110/313 1892/111/313
f 1887/201/448 1890/110/448 1889/414/448
f 1898/341/766 1892/111/766 1890/110/766 1888/246/766
f 1898/341/888 1897/554/888 1896/555/888 1894/112/888
f 1898/341/635 1894/112/635 1904/457/635 1903/556/635
f 1902/119/636 1899/207/636 1900/343/636 1903/556/636
f 1899/207/637 1902/119/637 1901/345/637
f 1903/556/769 1900/343/769 1891/607/769 1892/111/769
f 1786/161/320 1788/497/320 1743/134/320 1747/300/320
f 1892/111/771 1898/341/771 1903/556/771
f 1787/538/454 1786/161/454 1747/300/454 1750/577/454
f 1796/649/547 1787/538/547 1750/577/547 1760/260/547
f 1794/42/548 1796/652/548 1760/533/548 1759/16/548
f 1785/592/324 1794/42/324 1759/16/324 1761/534/324
f 1753/621/772 1752/8/772 1768/209/772 1771/430/772
f 1779/434/773 1763/425/773 1753/141/773 1771/432/773
f 1761/534/774 1763/425/774 1779/434/774 1778/29/774
f 1772/153/889 1774/558/889 1805/129/889 1809/596/889
f 1778/29/330 1765/589/330 1761/534/330
f 1773/535/459 1772/153/459 1809/596/459 1812/598/459
f 1783/536/844 1773/537/844 1812/599/844 1820/60/844
f 1780/30/333 1783/536/333 1820/60/333 1819/62/333
f 1765/589/334 1780/30/334 1819/62/334 1821/234/334
f 1815/466/890 1814/56/890 1801/211/890 1804/541/890
f 1823/58/700 1815/466/700 1804/541/700 1793/540/700
f 1821/234/337 1823/58/337 1793/540/337 1792/40/337
f 1869/95/338 1868/125/338 1788/497/338 1790/591/338
f 1792/40/339 1785/592/339 1821/234/339
f 1879/640/702 1869/95/702 1790/591/702 1800/359/702
f 1877/101/846 1879/640/846 1800/667/846 1799/47/846
f 1867/605/777 1877/101/777 1799/47/777 1801/211/777
f 1808/597/343 1807/128/343 1889/414/343 1891/607/343
f 1818/48/891 1808/50/891 1891/607/891 1900/343/891
f 1816/57/648 1818/48/648 1900/343/648 1899/207/648
f 1806/123/649 1816/57/649 1899/207/649 1901/345/649
f 1894/112/474 1893/114/474 1883/198/474 1885/551/474
f 1904/457/706 1894/112/706 1885/551/706 1876/454/706
f 1901/345/780 1904/457/780 1876/454/780 1875/100/780
f 1825/235/350 1827/557/350 1866/126/350 1870/285/350
f 1875/100/651 1867/605/651 1901/345/651
f 1826/544/560 1825/235/560 1870/285/560 1873/604/560
f 1836/638/480 1826/544/480 1873/604/480 1882/516/480
f 1833/72/481 1836/638/481 1882/516/481 1881/106/481
f 1887/201/354 1889/414/354 1845/137/354 1849/602/354
f 1888/246/482 1887/201/482 1849/602/482 1851/603/482
f 1897/554/483 1888/246/483 1851/603/483 1861/89/483
f 1895/115/357 1897/554/357 1861/89/357 1860/91/357
f 1855/187/652 1854/85/652 1841/449/652 1844/546/652
f 1832/327/653 1864/330/653 1855/187/653 1844/546/653
f 1862/92/654 1864/330/654 1832/327/654 1831/71/654
f 1746/3/361 1745/133/361 1827/557/361 1829/600/361
f 1757/619/656 1746/3/656 1829/600/656 1840/183/656
f 1754/10/489 1757/622/489 1840/183/489 1839/77/489
f 1744/210/364 1754/10/364 1839/77/364 1841/449/364
f 1776/588/892 1848/548/892 1847/136/892 1774/558/892
f 1859/549/893 1848/548/893 1776/583/893 1767/150/893
f 1856/86/894 1859/549/894 1767/150/894 1766/20/894
f 1846/131/494 1856/86/494 1766/20/494 1768/209/494
f 1743/134/369 1788/497/369 1866/126/369 1827/557/369
f 1785/592/370 1761/534/370 1765/589/370 1821/234/370
f 1744/210/496 1841/449/496 1846/131/496 1768/209/496
f 1845/137/372 1889/414/372 1805/129/372 1774/558/372
f 1867/605/660 1801/211/660 1806/123/660 1901/345/660
f 1910/704/895 1911/524/895 1908/421/895 1909/705/895
f 1884/553/896 1896/555/896 1910/704/896 1909/705/896
f 1909/705/897 1908/421/897 1742/706/897 1905/707/897
f 1884/553/898 1909/705/898 1905/707/898 1834/181/898
f 1906/691/899 1907/692/899 1911/524/899 1910/704/899
f 1863/368/900 1906/691/900 1910/704/900 1896/555/900
f 1906/691/505 1905/707/505 1742/706/505 1907/692/505
f 1834/181/506 1905/707/506 1906/691/506 1863/368/506
f 1834/181/507 1863/368/507 1862/92/507 1831/71/507
f 1884/553/901 1834/181/901 1833/72/901 1881/106/901
f 1863/368/902 1896/555/902 1895/115/902 1860/91/902
f 1893/114/903 1896/555/903 1884/553/903 1883/198/903
f 1914/615/386 1913/616/386 1912/617/386 1915/618/386
f 1913/616/511 1908/421/511 1911/524/511 1912/617/511
f 1915/618/512 1907/692/512 1742/706/512 1914/615/512
f 1914/615/513 1742/706/513 1908/421/513 1913/616/513
f 1912/617/514 1911/524/514 1907/692/514 1915/618/514
usemtl Material.133
f 1920/486/60 1922/4/60 1919/133/60
f 1931/487/202 1932/559/202 1920/486/202
f 1938/425/178 1929/426/178 1926/141/178
f 1936/15/7 1938/425/7 1935/462/7
f 1936/15/231 1937/560/231 1938/425/231
f 1941/463/8 1943/19/8 1940/20/8
f 1943/19/180 1944/430/180 1942/209/180
f 1958/561/9 1950/562/9 1947/23/9
f 1949/24/10 1950/25/10 1952/26/10
f 1944/432/181 1957/433/181 1954/434/181
f 1956/28/12 1958/561/12 1955/30/12
f 1944/432/182 1945/563/182 1957/433/182
f 1961/538/222 1963/36/222 1960/161/222
f 1971/498/208 1972/564/208 1961/538/208
f 1967/356/16 1969/39/16 1966/40/16
f 1976/46/137 1977/542/137 1979/43/137
f 1993/48/20 1986/565/20 1983/50/20
f 1985/51/21 1986/503/21 1988/53/21
f 1990/466/22 1992/55/22 1989/56/22
f 1992/55/23 1993/48/23 1991/57/23
f 1998/467/24 1999/396/24 1990/466/24
f 1995/60/25 1997/61/25 1994/62/25
f 1997/61/26 1998/467/26 1996/469/26
f 2001/566/105 2003/67/105 2000/235/105
f 2011/178/78 2012/567/78 2001/566/78
f 2007/237/118 2009/568/118 2006/71/118
f 2016/76/81 2017/547/81 2019/73/81
f 2033/549/232 2026/569/232 2023/80/232
f 2025/81/34 2026/569/34 2028/82/34
f 2030/471/35 2032/84/35 2029/85/35
f 2032/84/36 2033/549/36 2031/86/36
f 2038/240/37 2039/570/37 2030/471/37
f 2035/89/120 2037/283/120 2034/91/120
f 2037/283/121 2038/240/121 2036/92/121
f 2043/571/88 2045/96/88 2042/125/88
f 2053/195/233 2054/572/233 2043/571/233
f 2049/454/42 2051/99/42 2048/100/42
f 2058/517/234 2059/573/234 2061/102/234
f 2073/107/46 2066/574/46 2063/109/46
f 2065/110/47 2066/574/47 2068/111/47
f 2070/475/235 2072/575/235 2069/114/235
f 2072/575/236 2073/107/236 2071/115/236
f 2078/457/50 2079/576/50 2070/475/50
f 2075/118/114 2077/119/114 2074/207/114
f 2077/119/153 2078/457/153 2076/478/153
f 1942/209/100 1925/8/100 1918/210/100
f 1975/122/53 1989/56/53 1981/123/53
f 1962/497/54 2042/125/54 2040/126/54
f 2064/127/55 1982/128/55 1980/129/55
f 2015/449/57 2029/85/57 2021/131/57
f 2002/557/58 1919/133/58 1917/134/58
f 1948/459/59 2022/136/59 2020/137/59
f 1921/300/391 1917/134/391 1919/133/391 1922/4/391
f 1923/577/238 1921/300/238 1922/4/238 1924/5/238
f 1930/619/392 1931/487/392 1920/486/392
f 1932/559/817 1924/5/817 1922/4/817 1920/486/817
f 1927/10/239 1918/210/239 1925/8/239 1928/7/239
f 1928/7/750 1925/8/750 1926/621/750 1929/688/750
f 1930/622/751 1927/10/751 1928/7/751 1931/143/751
f 1932/579/904 1931/143/904 1928/7/904 1929/688/904
f 1932/697/905 1929/426/905 1938/425/905 1937/560/905
f 1936/15/820 1933/16/820 1934/665/820 1937/560/820
f 1933/16/243 1936/15/243 1935/462/243
f 1937/708/821 1934/305/821 1923/577/821 1924/5/821
f 1945/585/754 1944/430/754 1943/19/754 1941/463/754
f 1924/5/822 1932/559/822 1937/708/822
f 1940/20/400 1943/19/400 1942/209/400
f 1951/583/906 1952/584/906 1941/463/906
f 1945/585/250 1941/463/250 1952/584/250 1950/586/250
f 1949/24/678 1946/153/678 1947/587/678 1950/25/678
f 1946/153/252 1949/24/252 1948/459/252
f 1951/588/253 1948/459/253 1949/24/253 1952/26/253
f 1955/30/254 1939/589/254 1953/29/254 1956/28/254
f 1958/561/255 1945/563/255 1950/562/255
f 1956/28/755 1953/29/755 1954/434/755 1957/433/755
f 1945/563/907 1958/561/907 1956/28/907 1957/433/907
f 1964/591/877 1962/497/877 1963/36/877 1965/37/877
f 1960/161/259 1963/36/259 1962/497/259
f 1970/649/518 1971/498/518 1961/538/518
f 1972/564/757 1965/37/757 1963/36/757 1961/538/757
f 1968/42/261 1959/592/261 1966/40/261 1969/39/261
f 1970/652/522 1968/42/522 1969/39/522 1971/227/522
f 1978/594/264 1979/43/264 1967/356/264
f 1972/628/824 1971/227/824 1969/39/824 1967/356/824
f 1972/628/614 1967/356/614 1979/43/614 1977/542/614
f 1976/46/615 1973/47/615 1974/667/615 1977/542/615
f 1973/47/266 1976/46/266 1975/122/266
f 1977/702/616 1974/359/616 1964/591/616 1965/37/616
f 1978/594/265 1975/122/265 1976/46/265 1979/43/265
f 1984/596/270 1980/129/270 1982/128/270 1985/51/270
f 1965/37/617 1972/564/617 1977/702/617
f 1985/51/271 1982/128/271 1983/597/271 1986/503/271
f 1987/598/272 1984/596/272 1985/51/272 1988/53/272
f 1991/57/273 1981/123/273 1989/56/273 1992/55/273
f 1993/48/274 1999/396/274 1986/565/274
f 1999/396/275 1993/48/275 1992/55/275 1990/466/275
f 1999/396/276 1998/467/276 1997/61/276 1995/60/276
f 1994/62/277 1997/61/277 1996/469/277
f 1987/599/278 1988/172/278 1995/60/278
f 1999/396/279 1995/60/279 1988/172/279 1986/565/279
f 2004/600/826 2002/557/826 2003/67/826 2005/68/826
f 2000/235/686 2003/67/686 2002/557/686
f 2010/638/427 2011/178/427 2001/566/427
f 2012/567/827 2005/68/827 2003/67/827 2001/566/827
f 2010/638/624 2008/72/624 2009/568/624 2011/178/624
f 2018/601/285 2019/73/285 2007/237/285
f 2012/567/828 2011/178/828 2009/568/828 2007/237/828
f 2012/567/430 2007/237/430 2019/73/430 2017/547/430
f 2016/76/431 2013/77/431 2014/183/431 2017/547/431
f 2013/77/287 2016/76/287 2015/449/287
f 2017/547/829 2014/183/829 2004/600/829 2005/68/829
f 2018/601/286 2015/449/286 2016/76/286 2019/73/286
f 2024/602/291 2020/137/291 2022/136/291 2025/81/291
f 2005/68/830 2012/567/830 2017/547/830
f 2025/81/292 2022/136/292 2023/80/292 2026/569/292
f 2027/603/293 2024/602/293 2025/81/293 2028/82/293
f 2031/86/294 2021/131/294 2029/85/294 2032/84/294
f 2033/549/295 2039/570/295 2026/569/295
f 2039/570/296 2033/549/296 2032/84/296 2030/471/296
f 2039/570/908 2038/240/908 2037/283/908 2035/89/908
f 2027/603/298 2028/82/298 2035/89/298
f 2039/570/299 2035/89/299 2028/82/299 2026/569/299
f 2044/285/300 2040/126/300 2042/125/300 2045/96/300
f 2046/604/302 2044/285/302 2045/96/302 2047/97/302
f 2052/640/440 2053/195/440 2043/571/440
f 2054/572/909 2047/97/909 2045/96/909 2043/571/909
f 2050/101/303 2041/605/303 2048/100/303 2051/99/303
f 2052/640/838 2050/101/838 2051/99/838 2053/195/838
f 2060/606/306 2061/102/306 2049/454/306
f 2054/572/910 2053/195/910 2051/99/910 2049/454/910
f 2054/572/911 2049/454/911 2061/102/911 2059/573/911
f 2058/517/912 2055/106/912 2056/291/912 2059/573/912
f 2059/573/913 2056/291/913 2046/604/913 2047/97/913
f 2060/606/914 2057/198/914 2058/517/914 2061/102/914
f 2065/110/311 2062/201/311 2063/109/311 2066/574/311
f 2047/97/915 2054/572/915 2059/573/915
f 2062/201/448 2065/110/448 2064/127/448
f 2067/607/313 2064/127/313 2065/110/313 2068/111/313
f 2079/576/916 2073/107/916 2072/575/916 2070/475/916
f 2073/107/315 2079/576/315 2066/574/315
f 2079/576/316 2078/457/316 2077/119/316 2075/118/316
f 2074/207/637 2077/119/637 2076/478/637
f 2067/607/318 2068/111/318 2075/118/318
f 2079/576/319 2075/118/319 2068/111/319 2066/574/319
f 1960/161/320 1962/497/320 1917/134/320 1921/300/320
f 1961/538/454 1960/161/454 1921/300/454 1923/577/454
f 1970/649/842 1961/538/842 1923/577/842 1934/305/842
f 1968/42/843 1970/652/843 1934/665/843 1933/16/843
f 1959/592/324 1968/42/324 1933/16/324 1935/462/324
f 1926/621/772 1925/8/772 1942/209/772 1944/430/772
f 1954/434/773 1938/425/773 1926/141/773 1944/432/773
f 1935/462/774 1938/425/774 1954/434/774 1953/29/774
f 1946/153/329 1948/459/329 1980/129/329 1984/596/329
f 1953/29/330 1939/589/330 1935/462/330
f 1947/587/331 1946/153/331 1984/596/331 1987/598/331
f 1958/561/332 1947/23/332 1987/599/332 1995/60/332
f 1955/30/333 1958/561/333 1995/60/333 1994/62/333
f 1939/589/334 1955/30/334 1994/62/334 1996/469/334
f 1990/466/335 1989/56/335 1975/122/335 1978/594/335
f 1998/467/336 1990/466/336 1978/594/336 1967/356/336
f 1996/469/337 1998/467/337 1967/356/337 1966/40/337
f 2043/571/644 2042/125/644 1962/497/644 1964/591/644
f 1966/40/339 1959/592/339 1996/469/339
f 2052/640/917 2043/571/917 1964/591/917 1974/359/917
f 2050/101/846 2052/640/846 1974/667/846 1973/47/846
f 2041/605/342 2050/101/342 1973/47/342 1975/122/342
f 1983/597/343 1982/128/343 2064/127/343 2067/607/343
f 1993/48/344 1983/50/344 2067/607/344 2075/118/344
f 1991/57/704 1993/48/704 2075/118/704 2074/207/704
f 1981/123/649 1991/57/649 2074/207/649 2076/478/649
f 2070/475/346 2069/114/346 2057/198/346 2060/606/346
f 2078/457/347 2070/475/347 2060/606/347 2049/454/347
f 2076/478/780 2078/457/780 2049/454/780 2048/100/780
f 2000/235/350 2002/557/350 2040/126/350 2044/285/350
f 2048/100/651 2041/605/651 2076/478/651
f 2001/566/560 2000/235/560 2044/285/560 2046/604/560
f 2010/638/918 2001/566/918 2046/604/918 2056/291/918
f 2008/72/919 2010/638/919 2056/291/919 2055/106/919
f 2062/201/848 2064/127/848 2020/137/848 2024/602/848
f 2063/109/355 2062/201/355 2024/602/355 2027/603/355
f 2073/107/356 2063/109/356 2027/603/356 2035/89/356
f 2071/115/357 2073/107/357 2035/89/357 2034/91/357
f 2030/471/358 2029/85/358 2015/449/358 2018/601/358
f 2038/240/359 2030/471/359 2018/601/359 2007/237/359
f 2036/92/360 2038/240/360 2007/237/360 2006/71/360
f 1920/486/851 1919/133/851 2002/557/851 2004/600/851
f 1930/619/852 1920/486/852 2004/600/852 2014/183/852
f 1927/10/489 1930/622/489 2014/183/489 2013/77/489
f 1918/210/364 1927/10/364 2013/77/364 2015/449/364
f 2023/80/365 2022/136/365 1948/459/365 1951/588/365
f 2033/549/366 2023/80/366 1951/583/366 1941/463/366
f 2031/86/367 2033/549/367 1941/463/367 1940/20/367
f 2021/131/494 2031/86/494 1940/20/494 1942/209/494
f 1917/134/369 1962/497/369 2040/126/369 2002/557/369
f 1959/592/370 1935/462/370 1939/589/370 1996/469/370
f 1918/210/496 2015/449/496 2021/131/496 1942/209/496
f 2020/137/372 2064/127/372 1980/129/372 1948/459/372
f 2041/605/660 1975/122/660 1981/123/660 2076/478/660
f 2085/704/895 2086/709/895 2083/678/895 2084/705/895
f 2058/517/920 2072/575/920 2085/704/920 2084/705/920
f 2084/705/897 2083/678/897 1916/645/897 2080/707/897
f 2058/517/921 2084/705/921 2080/707/921 2009/568/921
f 2081/647/899 2082/710/899 2086/709/899 2085/704/899
f 2037/283/922 2081/647/922 2085/704/922 2072/575/922
f 2081/647/505 2080/707/505 1916/645/505 2082/710/505
f 2009/568/923 2080/707/923 2081/647/923 2037/283/923
f 2009/568/602 2037/283/602 2036/92/602 2006/71/602
f 2009/568/863 2008/72/863 2055/106/863 2058/517/863
f 2072/575/924 2071/115/924 2034/91/924 2037/283/924
f 2069/114/925 2072/575/925 2058/517/925 2057/198/925
f 2089/615/386 2088/616/386 2087/617/386 2090/618/386
f 2088/616/511 2083/678/511 2086/709/511 2087/617/511
f 2090/618/512 2082/710/512 1916/645/512 2089/615/512
f 2089/615/513 1916/645/513 2083/678/513 2088/616/513
f 2087/617/514 2086/709/514 2082/710/514 2090/618/514
o Cube
v 2.948477 1.277271 0.853823
v 2.948477 1.277271 1.121549
v 2.948477 1.910082 0.853823
v 2.948477 1.910082 1.121549
v 3.094338 1.277271 0.853823
v 3.094338 1.277271 1.121549
v 3.094338 1.910082 0.853823
v 3.094338 1.910082 1.121549
vn -1.0000 -0.0000 -0.0000
vn -0.0000 1.0000 -0.0000
vn 1.0000 -0.0000 -0.0000
vn -0.0000 -1.0000 -0.0000
vn -0.0000 -0.0000 -1.0000
vn -0.0000 -0.0000 1.0000
vt 0.375000 0.000000
vt 0.625000 0.000000
vt 0.625000 0.250000
vt 0.375000 0.250000
vt 0.625000 0.500000
vt 0.375000 0.500000
vt 0.625000 0.750000
vt 0.375000 0.750000
vt 0.625000 1.000000
vt 0.375000 1.000000
vt 0.125000 0.500000
vt 0.125000 0.750000
vt 0.875000 0.500000
vt 0.875000 0.750000
s 0
usemtl Material.004
f 2091/711/926 2092/712/926 2094/713/926 2093/714/926
f 2093/714/927 2094/713/927 2098/715/927 2097/716/927
f 2097/716/928 2098/715/928 2096/717/928 2095/718/928
f 2095/718/929 2096/717/929 2092/719/929 2091/720/929
f 2093/721/930 2097/716/930 2095/718/930 2091/722/930
f 2098/715/931 2094/723/931 2092/724/931 2096/717/931
o Plane
v 3.097057 1.784022 1.012023
v 3.097057 1.414799 1.012023
v 3.097057 1.784022 0.953840
v 3.097057 1.414799 0.953840
vn 1.0000 -0.0000 -0.0000
vt 0.000000 0.000000
vt 1.000000 0.000000
vt 1.000000 1.000000
vt 0.000000 1.000000
s 0
usemtl Material.003
f 2099/725/932 2100/726/932 2102/727/932 2101/728/932
o Console
v 2.924473 4.865280 -1.486842
v 2.925453 5.318558 -1.495090
v 3.185020 4.869910 -1.510424
v 3.191128 4.878667 -1.260960
v 3.191128 5.304706 -1.260960
v 2.922130 4.860240 1.249317
v 2.929909 4.872554 1.415699
v 2.928603 5.311307 1.406501
v 2.922130 5.323133 1.249317
v 3.184655 4.872066 1.406501
v 3.191128 4.878667 1.130506
v 3.191128 5.304706 1.130506
v 3.183349 5.310820 1.415699
v 3.189537 5.318341 -1.483830
v 3.191128 4.860240 -1.379771
v 3.191128 4.860240 1.249317
v 3.191128 5.323133 1.249317
v 3.154070 5.304706 -1.260960
v 3.154070 4.878667 -1.260960
v 3.154070 4.878667 1.130506
v 3.154070 5.304706 1.130506
vn -0.0236 0.0205 -0.9995
vn 0.0110 -0.9972 -0.0743
vn 0.9989 -0.0073 -0.0472
vn -0.9990 -0.0010 0.0440
vn 0.9990 0.0010 0.0440
vn 0.0004 -0.9972 0.0744
vn -0.0004 0.9972 0.0744
vn -1.0000 0.0011 -0.0010
vn -0.0000 -0.0000 1.0000
vn -0.0092 -1.0000 -0.0009
vn 0.0004 1.0000 -0.0017
vn -0.0000 -0.0000 -1.0000
vn 1.0000 0.0012 -0.0047
vn 1.0000 -0.0000 -0.0000
vn 0.9988 0.0484 -0.0004
vn -0.0000 1.0000 -0.0000
vn -0.0000 -1.0000 -0.0000
vt 0.378328 0.496672
vt 0.378049 0.248811
vt 0.621654 0.249639
vt 0.623234 0.501991
vt 0.127830 0.503435
vt 0.375000 0.513097
vt 0.375000 0.016678
vt 0.379885 0.000000
vt 0.620115 0.000000
vt 0.625000 0.016678
vt 0.625000 0.733322
vt 0.620762 0.754238
vt 0.378153 0.753153
vt 0.375000 0.733322
vt 0.129885 0.750000
vt 0.125000 0.733322
vt 0.875000 0.733322
vt 0.870115 0.750000
vt 0.380221 0.994779
vt 0.620778 0.995778
vt 0.872005 0.502872
vt 0.615048 0.723369
vt 0.384952 0.723369
vt 0.615048 0.523049
vt 0.384952 0.523049
s 0
usemtl Material.005
f 2105/729/933 2103/730/933 2104/731/933 2116/732/933
f 2103/733/934 2105/729/934 2117/734/934
f 2117/734/935 2105/729/935 2116/732/935
f 2108/735/936 2109/736/936 2110/737/936 2111/738/936
f 2119/739/937 2115/740/937 2112/741/937 2118/742/937
f 2109/743/938 2108/744/938 2118/742/938 2112/741/938
f 2115/740/939 2119/739/939 2111/745/939 2110/746/939
f 2103/730/940 2108/735/940 2111/738/940 2104/731/940
f 2109/747/941 2112/741/941 2115/740/941 2110/748/941
f 2108/744/942 2103/733/942 2117/734/942 2118/742/942
f 2119/739/943 2116/732/943 2104/749/943 2111/745/943
f 2123/750/944 2114/750/944 2113/751/944 2122/751/944
f 2116/732/945 2107/752/945 2106/753/945 2117/734/945
f 2118/742/946 2113/751/946 2114/750/946 2119/739/946
f 2118/742/946 2117/734/946 2106/753/946 2113/751/946
f 2116/732/947 2119/739/947 2114/750/947 2107/752/947
f 2122/751/948 2113/751/948 2106/753/948 2121/753/948
f 2121/753/941 2106/753/941 2107/752/941 2120/752/941
f 2120/752/949 2107/752/949 2114/750/949 2123/750/949
usemtl Material.006
f 2122/751/946 2121/753/946 2120/752/946 2123/750/946
o Body
v 2.980014 2.040924 1.658432
v 2.980014 2.088585 -0.523376
v 2.980014 2.088585 -1.616562
v 2.980014 0.049873 -1.649020
v 1.566632 0.327216 -1.826658
v 1.566632 5.213737 1.658433
v 2.980014 4.677517 1.658433
v 2.980014 5.213737 -1.826658
v 2.980014 4.629857 -0.523375
v 1.566632 5.491081 -1.649019
v 2.980014 4.629857 -1.616562
v 1.566632 0.049873 -1.649020
v 2.980014 5.491081 -1.649019
v 2.979985 2.040924 0.295966
v 2.980011 1.244722 0.294987
v 2.980014 4.677517 -0.492849
v 2.980013 2.040923 -0.492444
v 2.544028 4.629857 -0.523375
v 2.544028 2.088585 -0.523376
v 2.544028 2.088585 -1.616562
v 2.544028 4.629857 -1.616562
v 2.882286 2.040924 0.087327
v 2.882286 2.040924 -0.281770
v 2.980014 1.244722 -0.492957
v 2.295171 2.040924 0.085800
v 2.295171 2.040924 -0.283297
v 2.210187 1.244722 0.295352
v 2.210187 1.244722 -0.492849
v 2.210187 2.040924 0.295353
v 2.210187 2.040924 -0.492849
v 2.885673 2.127923 0.085800
v 2.885673 2.127923 -0.283297
v 2.295171 2.127923 0.085800
v 2.295171 2.127923 -0.283297
v 2.987501 4.677517 1.658433
v 2.987501 4.677517 -0.492849
v 3.453697 2.043790 1.658432
v 3.486089 2.202541 1.658432
v 3.481071 2.123188 1.658432
v 3.468737 2.070832 1.658432
v 3.452832 2.043093 -0.492849
v 3.468048 2.068896 -0.492849
v 3.480479 2.119060 -0.492849
v 3.486162 2.200896 -0.492849
v 1.566632 0.063447 -1.703913
v 1.566632 0.102841 -1.753433
v 1.566632 0.164198 -1.792732
v 1.566632 0.241513 -1.817964
v 1.566632 5.265885 -1.824884
v 1.566632 5.376756 -1.792732
v 1.566632 5.438113 -1.753432
v 1.566632 5.477507 -1.703912
v 1.566632 0.057219 1.525235
v 1.566632 0.278282 1.657322
v 1.566632 0.164197 1.624506
v 1.566632 0.102840 1.585207
v 1.566632 5.486482 1.517836
v 1.566632 5.438112 1.585208
v 1.566632 5.376755 1.624507
v 1.566632 5.299440 1.649739
v 2.980014 0.278282 -1.825548
v 2.980014 0.164198 -1.792732
v 2.980014 0.102841 -1.753433
v 2.980014 0.063447 -1.703913
v 2.980014 5.477507 -1.703912
v 2.980014 5.438113 -1.753432
v 2.980014 5.376756 -1.792732
v 2.980014 5.299441 -1.817964
v 2.980014 0.263884 1.655206
v 2.980014 0.054471 1.517836
v 2.980014 0.102840 1.585207
v 2.980014 0.164197 1.624506
v 2.980014 5.483734 1.525236
v 2.980014 5.278623 1.654032
v 2.980014 5.376755 1.624507
v 2.980014 5.438112 1.585208
vn 1.0000 -0.0000 -0.0000
vn -1.0000 -0.0000 -0.0000
vn 0.0046 -1.0000 -0.0000
vn -0.0007 -0.0001 -1.0000
vn -0.0015 0.1009 0.9949
vn -0.0027 -0.1009 -0.9949
vn 0.0025 0.1009 -0.9949
vn -0.0002 0.0001 -1.0000
vn -0.0003 -0.0001 1.0000
vn -0.0000 1.0000 -0.0000
vn -0.0000 -0.0000 1.0000
vn -0.0000 -0.0000 -1.0000
vn -0.0013 0.0088 1.0000
vn 0.0002 0.0006 -1.0000
vn -0.0002 -0.0003 1.0000
vn -0.0000 -1.0000 -0.0000
vn -0.9992 0.0389 -0.0000
vn 0.0013 -0.0088 -1.0000
vn 0.9803 0.1974 -0.0001
vn 0.9978 -0.0662 -0.0000
vn 0.9720 -0.2348 -0.0000
vn 0.8678 -0.4969 -0.0000
vn 0.0055 -1.0000 0.0002
vn 0.0008 -0.8046 0.5938
vn -0.0000 -0.5394 0.8421
vn -0.0007 -0.2848 0.9586
vn -0.0008 0.8046 0.5938
vn -0.0000 0.5394 0.8421
vn 0.0007 0.2979 0.9546
vn -0.0000 -0.9708 -0.2401
vn -0.0000 -0.7826 -0.6226
vn -0.0000 -0.5394 -0.8421
vn 0.0012 -0.2902 -0.9570
vn -0.0000 0.9708 -0.2401
vn -0.0000 0.7826 -0.6226
vn -0.0000 0.5394 -0.8421
vn -0.0011 0.2917 -0.9565
vn -0.0010 -1.0000 0.0019
vn 0.0015 -0.0018 1.0000
vn 0.0010 1.0000 0.0019
vn 0.0028 0.0073 1.0000
vt 0.466480 0.654320
vt 0.468670 0.734929
vt 0.429898 0.654320
vt 0.625000 0.737257
vt 0.585431 0.734929
vt 0.587620 0.654320
vt 0.614614 0.000373
vt 0.625000 0.012743
vt 0.387743 0.000000
vt 0.468670 0.656510
vt 0.466480 0.597779
vt 0.466671 0.654320
vt 0.498665 0.654320
vt 0.467906 0.654320
vt 0.482141 0.654320
vt 0.615214 0.500156
vt 0.612257 0.250000
vt 0.616195 0.249792
vt 0.385537 0.749884
vt 0.387743 1.000000
vt 0.383805 1.000000
vt 0.614614 1.000000
vt 0.612257 0.750000
vt 0.616195 0.749792
vt 0.385537 0.249884
vt 0.377626 0.248783
vt 0.377434 0.244747
vt 0.375501 0.240419
vt 0.375000 0.012743
vt 0.375000 0.737257
vt 0.429898 0.597779
vt 0.466480 0.500000
vt 0.587620 0.500000
vt 0.585431 0.656510
vt 0.466480 0.639288
vt 0.466480 0.639288
vt 0.429898 0.597779
vt 0.466480 0.612811
vt 0.466480 0.612811
vt 0.498991 0.500000
vt 0.483002 0.500000
vt 0.468015 0.500000
vt 0.466695 0.500000
vt 0.375811 0.505253
vt 0.375139 0.510118
vt 0.125000 0.509581
vt 0.125000 0.505253
vt 0.376751 0.500811
vt 0.125000 0.500000
vt 0.384868 0.500152
vt 0.875000 0.500000
vt 0.875000 0.510118
vt 0.624833 0.509581
vt 0.624189 0.501751
vt 0.619747 0.249189
vt 0.623783 0.247374
vt 0.619747 0.500811
vt 0.125000 0.741195
vt 0.125000 0.737257
vt 0.375208 0.741195
vt 0.125000 0.744747
vt 0.375811 0.744747
vt 0.125000 0.750000
vt 0.376751 0.749189
vt 0.375000 1.000000
vt 0.624792 0.741195
vt 0.875000 0.737257
vt 0.875000 0.741195
vt 0.624189 0.748249
vt 0.875000 0.750000
vt 0.619747 0.749189
vt 0.625000 1.000000
vt 0.619747 1.000000
vt 0.375624 0.008805
vt 0.377434 0.005253
vt 0.380253 0.002434
vt 0.383805 0.000624
vt 0.622566 0.005253
vt 0.624376 0.008805
vt 0.619747 0.002434
vt 0.624584 0.239882
s 0
usemtl Material.137
f 2140/754/950 2147/756/950 2126/755/950
f 2136/757/950 2139/759/950 2134/758/950
f 2172/760/951 2128/762/951 2133/761/951
f 2126/755/950 2125/763/950 2140/754/950
f 2137/764/952 2140/754/952 2164/765/952
f 2167/766/953 2166/768/953 2165/767/953 2164/765/953 2140/754/953 2139/759/953 2159/759/953
f 2197/769/954 2183/771/954 2129/770/954
f 2184/772/955 2171/774/955 2128/773/955
f 2172/775/956 2191/777/956 2131/776/956
f 2133/761/951 2135/782/951 2176/781/951 2179/780/951 2178/779/951 2177/778/951
f 2127/783/950 2147/756/950 2138/784/950
f 2128/762/951 2135/782/951 2133/761/951
f 2147/756/950 2127/783/950 2126/755/950
f 2128/773/957 2172/775/957 2131/776/957 2184/772/957
f 2184/772/950 2131/776/950 2134/758/950 2126/755/950
f 2124/785/958 2130/786/958 2129/770/958 2177/778/958
f 2139/759/950 2140/754/950 2125/763/950 2132/787/950
f 2133/761/951 2177/778/951 2129/770/951
f 2124/785/950 2138/784/950 2137/764/950
f 2143/755/950 2144/758/950 2141/787/950 2142/763/950
f 2132/787/950 2134/758/950 2139/759/950
f 2143/755/959 2142/763/959 2125/763/959 2126/755/959
f 2144/758/960 2143/755/960 2126/755/960 2134/758/960
f 2142/763/961 2141/787/961 2132/787/961 2125/763/961
f 2157/788/962 2149/788/962 2146/789/962 2155/789/962
f 2151/756/950 2153/754/950 2152/764/950 2150/790/950
f 2150/790/963 2152/764/963 2137/764/963 2138/784/963
f 2151/756/959 2150/790/959 2138/784/959 2147/756/959
f 2151/756/964 2147/756/964 2140/754/964 2153/754/964
f 2140/754/965 2137/764/965 2145/791/965 2146/789/965
f 2152/764/965 2153/754/965 2149/788/965 2148/792/965
f 2140/754/965 2146/789/965 2149/788/965 2153/754/965
f 2152/764/965 2148/792/965 2145/791/965 2137/764/965
f 2156/792/965 2157/788/965 2155/789/965 2154/791/965
f 2154/791/966 2155/789/966 2146/789/966 2145/791/966
f 2156/792/967 2154/791/967 2145/791/967 2148/792/967
f 2157/788/950 2156/792/950 2148/792/950 2149/788/950
f 2161/793/968 2167/766/968 2159/759/968 2158/786/968
f 2158/786/959 2159/759/959 2139/759/959 2130/786/959
f 2162/794/969 2166/768/969 2167/766/969 2161/793/969
f 2163/795/970 2165/767/970 2166/768/970 2162/794/970
f 2160/796/971 2164/765/971 2165/767/971 2163/795/971
f 2164/765/972 2160/796/972 2124/785/972 2137/764/972
f 2158/786/960 2130/786/960 2124/785/960 2160/796/960 2163/795/960 2162/794/960 2161/793/960
f 2194/797/973 2179/800/973 2176/799/973 2193/798/973
f 2195/801/974 2178/802/974 2179/800/974 2194/797/974
f 2192/803/975 2177/778/975 2178/779/975 2195/801/975
f 2181/804/976 2199/807/976 2196/806/976 2180/805/976
f 2182/808/977 2198/810/977 2199/807/977 2181/809/977
f 2183/771/978 2197/769/978 2198/810/978 2182/808/978
f 2168/811/979 2187/813/979 2127/783/979 2135/812/979
f 2169/814/980 2186/815/980 2187/813/980 2168/811/980
f 2170/816/981 2185/817/981 2186/815/981 2169/814/981
f 2171/774/982 2184/772/982 2185/817/982 2170/818/982
f 2188/819/983 2175/821/983 2133/820/983 2136/757/983
f 2141/787/965 2144/758/965 2134/758/965 2132/787/965
f 2189/822/984 2174/823/984 2175/821/984 2188/819/984
f 2190/824/985 2173/826/985 2174/825/985 2189/822/985
f 2191/777/986 2172/775/986 2173/826/986 2190/824/986
f 2168/827/951 2135/782/951 2128/762/951 2171/830/951 2170/829/951 2169/828/951
f 2174/831/951 2173/833/951 2172/760/951 2133/761/951 2175/832/951
f 2135/812/987 2127/783/987 2193/798/987 2176/799/987
f 2177/778/988 2192/803/988 2124/785/988
f 2136/757/989 2133/820/989 2180/805/989 2196/806/989
f 2129/770/990 2130/786/990 2197/769/990
f 2129/770/951 2183/771/951 2182/808/951 2181/809/951 2180/834/951 2133/761/951
f 2184/772/950 2126/755/950 2127/783/950 2187/813/950 2186/815/950 2185/817/950
f 2134/758/950 2131/776/950 2191/777/950 2190/824/950 2189/822/950 2188/819/950 2136/757/950
f 2192/803/950 2195/801/950 2194/797/950 2193/798/950 2127/783/950 2138/784/950 2124/785/950
f 2196/806/950 2199/807/950 2198/810/950 2197/769/950 2130/786/950 2139/759/950 2136/757/950
